subject,delta_mean_connectivity,delta_density,delta_total_strength,delta_std_edge_weight,delta_max_edge_weight,delta_min_edge_weight,delta_entropy,delta_mean_strength,delta_std_strength,delta_mean_clustering,delta_std_clustering,delta_average_clustering,delta_betweenness_mean,delta_betweenness_std,delta_eigenvector_mean,delta_eigenvector_std,delta_global_efficiency,delta_path_length,delta_modularity,delta_transitivity,delta_assortativity,theta_mean_connectivity,theta_density,theta_total_strength,theta_std_edge_weight,theta_max_edge_weight,theta_min_edge_weight,theta_entropy,theta_mean_strength,theta_std_strength,theta_mean_clustering,theta_std_clustering,theta_average_clustering,theta_betweenness_mean,theta_betweenness_std,theta_eigenvector_mean,theta_eigenvector_std,theta_global_efficiency,theta_path_length,theta_modularity,theta_transitivity,theta_assortativity,alpha_mean_connectivity,alpha_density,alpha_total_strength,alpha_std_edge_weight,alpha_max_edge_weight,alpha_min_edge_weight,alpha_entropy,alpha_mean_strength,alpha_std_strength,alpha_mean_clustering,alpha_std_clustering,alpha_average_clustering,alpha_betweenness_mean,alpha_betweenness_std,alpha_eigenvector_mean,alpha_eigenvector_std,alpha_global_efficiency,alpha_path_length,alpha_modularity,alpha_transitivity,alpha_assortativity,beta_mean_connectivity,beta_density,beta_total_strength,beta_std_edge_weight,beta_max_edge_weight,beta_min_edge_weight,beta_entropy,beta_mean_strength,beta_std_strength,beta_mean_clustering,beta_std_clustering,beta_average_clustering,beta_betweenness_mean,beta_betweenness_std,beta_eigenvector_mean,beta_eigenvector_std,beta_global_efficiency,beta_path_length,beta_modularity,beta_transitivity,beta_assortativity,gamma_mean_connectivity,gamma_density,gamma_total_strength,gamma_std_edge_weight,gamma_max_edge_weight,gamma_min_edge_weight,gamma_entropy,gamma_mean_strength,gamma_std_strength,gamma_mean_clustering,gamma_std_clustering,gamma_average_clustering,gamma_betweenness_mean,gamma_betweenness_std,gamma_eigenvector_mean,gamma_eigenvector_std,gamma_global_efficiency,gamma_path_length,gamma_modularity,gamma_transitivity,gamma_assortativity
sub-001_task-eyesclosed_eeg,0.9801456341688358,1.0,335.20980688574184,0.012478363908302103,0.9971858206084536,0.9392477315815347,5.141582126772777,17.64262141503904,0.10551388113711971,0.9828676482821269,0.003707486065739756,0.9828676482821269,0.0,0.0,0.2294120415370653,0.0013015933175347756,1.0,1.0204242369322816,0.0,1.0,-0.05555555555555558,0.8489517739876089,1.0,290.34150670376226,0.09028764857668695,0.9758428047214504,0.609196660949587,5.135848161451824,15.281131931776962,0.4540635028074268,0.8666622317329115,0.017391425459197845,0.8666622317329115,0.0,0.0,0.2293255752503369,0.0064311339179395745,1.0,1.1926246577171233,0.0,1.0,-0.05555555555555555,0.8369788294517243,1.0,286.2467596724897,0.08472841379423442,0.9734729078343571,0.6270400348352265,5.136433007430936,15.06561893013104,0.4483435507241643,0.8568851291751023,0.016967454294190987,0.8568851291751023,0.0,0.0,0.22932406506564132,0.006484761301539397,1.0,1.2079709507836935,0.0,1.0,-0.055555555555555566,0.7592769055180771,1.0,259.6727016871824,0.10789896419532947,0.9613437347986628,0.40172821749400545,5.131149159100801,13.666984299325392,0.754848413625552,0.7847940916458688,0.02938892129595789,0.7847940916458688,0.0006879944960440316,0.002005831405175542,0.22909792094714546,0.01207151875548088,1.0,1.3484401107757105,0.0,1.0,-0.05555555555555555,0.5206487593303296,1.0,178.06187569097273,0.19311944601754444,0.9554294103737939,0.008704607481321274,5.06553589621862,9.371677667945933,1.185712011763286,0.5169276355750109,0.05396399289594554,0.5169276355750108,0.042999656002751976,0.11841502565641644,0.22766958933898446,0.028251319218518412,1.0,2.0900243968540093,1.1102230246251565e-16,1.0,-0.05555555555555554
sub-002_task-eyesclosed_eeg,0.9826027538151022,1.0,336.05014180476496,0.008587061450262135,0.9955978439565271,0.9570238071552478,5.141625284720639,17.686849568671835,0.07554301017934971,0.9869271628476987,0.0026516754027350003,0.9869271628476989,0.0,0.0,0.2294138493872734,0.0009298691745821218,1.0,1.017783421890767,0.0,1.0,-0.055555555555555566,0.7675114652816905,1.0,262.48892112633814,0.13269026023493055,0.9786286783175645,0.4830696803628709,5.12631043326414,13.815206375070428,0.5843860559573361,0.7762774722622017,0.022641542003727907,0.7762774722622017,0.0,0.0,0.22922222249589827,0.009420810018747339,1.0,1.3465125418942179,0.0,1.0,-0.05555555555555555,0.343910771949246,1.0,152.60639000285514,0.2703436225101113,0.9495951022099645,0.009704703310721697,4.947036237719855,8.031915263308164,0.6818523004196326,0.40418871844804444,0.030865038617786812,0.40418871844804444,0.05710354317165462,0.08179470472831521,0.22836060885205506,0.02197751742320226,1.0,2.437627642730203,0.0,1.0,-0.055555555555555566,0.5875893375199925,1.0,200.95555343183744,0.16117517062597544,0.9335248175607384,0.3041753827513982,5.103958362393715,10.576608075359866,0.5646245920344347,0.6135140268530097,0.022352271649869568,0.6135140268530098,0.010319917440660475,0.021967395997371315,0.2290490832056867,0.012965200731297123,1.0,1.8403187311981188,0.0,1.0,-0.055555555555555546,0.6163765477526173,1.0,210.80077933139512,0.17834673548083696,0.953283244660527,0.22838111447569456,5.09756132883402,11.094777859547111,1.840474975856345,0.6328120790903725,0.07037173763424982,0.6328120790903724,0.016167870657034743,0.033081019002879415,0.2263558013757155,0.037344747032562575,1.0,1.772152981311225,0.0,1.0,-0.05555555555555556
sub-003_task-eyesclosed_eeg,0.9588788350972309,1.0,327.936561603253,0.018834482268142806,0.9884962699182115,0.9109374332671913,5.141469834919661,17.25981903175016,0.12886716916556665,0.9699243471585751,0.0045763394293559245,0.9699243471585753,0.0,0.0,0.22940997008967431,0.001626213646215645,1.0,1.0432921776164865,0.0,1.0,-0.05555555555555553,0.6885201579787203,1.0,235.47389402872236,0.1651037015270458,0.9713288506707267,0.3331350417705303,5.112004635443181,12.393362843616964,0.8435151627907062,0.6951438065001533,0.03253787906291158,0.6951438065001533,0.00997592019263846,0.03190470161865,0.22883216569656128,0.016352947440444854,1.0,1.5480983679940965,0.0,1.0,-0.05555555555555558,0.39499655350065416,1.0,145.28796430573442,0.300126693299908,0.9717325115710596,0.002874904388288985,4.858660405453246,7.646734963459706,1.5654416344006536,0.34535141035876593,0.06378540870150823,0.3453514103587659,0.09666322669418645,0.11493215240636578,0.2185970975551304,0.06961959413729173,1.0,2.4493880301138944,0.0,1.0,-0.055555555555555566,0.7658477502846726,1.0,261.919930597358,0.08682438265930352,0.9441887553664986,0.6220219121022497,5.135286742965727,13.785259505124106,0.38831113973899467,0.807728976911562,0.01442002594207006,0.8077289769115619,0.0,0.0,0.22932723661148235,0.006371616396928781,1.0,1.322333082808257,0.0,1.0,-0.05555555555555556,0.7244024591603356,1.0,247.74564103283478,0.09068141659629168,0.9267571293133345,0.5449706190253224,5.133897033394591,13.039244264886042,0.5532935918205265,0.7779148532582465,0.02090406747186912,0.7779148532582465,0.0,0.0,0.22922060853314344,0.009459998470605437,1.0,1.4018560044105208,1.1102230246251565e-16,1.0,-0.05555555555555555
sub-004_task-eyesclosed_eeg,0.9613519903529775,1.0,328.7823807007183,0.02078277221471122,0.9930073509579405,0.8922901645308937,5.141428187276876,17.304335826353594,0.18125237220030005,0.9679984872546242,0.006418243622800921,0.9679984872546243,0.0,0.0,0.2294043684945147,0.0022835636626415724,1.0,1.0406987720028449,0.0,1.0,-0.05555555555555556,0.7981560012812813,1.0,272.9693524381982,0.11282804741011816,0.979678883270787,0.5267669617967298,5.131376077922246,14.366808023063063,0.6630439211618394,0.8094257099690022,0.02533792943890588,0.8094257099690022,0.0,0.0,0.2291833919623246,0.010322392940201427,1.0,1.2809332677504819,0.0,1.0,-0.05555555555555557,0.7959979490257701,1.0,272.2312985668134,0.09945187592180102,0.9716167869746003,0.5644692280837593,5.133714488031513,14.32796308246386,0.6723577042190376,0.8153093596183494,0.02511490715994834,0.8153093596183494,0.0,0.0,0.22917821707645503,0.010436654877195885,1.0,1.2773965083090866,0.0,1.0,-0.05555555555555557,0.65987107910236,1.0,225.7386080012622,0.16724195245071166,0.9598206518593558,0.015674737063768714,5.105753429544954,11.880979368487484,1.828311502330349,0.6748522843973258,0.07304748541849446,0.6748522843973257,0.02235982112143103,0.09182987045541652,0.22684820432987082,0.03422676057826077,1.0,1.624323682326275,0.0,1.0,-0.05555555555555556,0.46974522947357816,1.0,165.66437212459385,0.24593733406433574,0.9587058437719858,0.00433405141824094,4.984838022374568,8.719177480241783,2.642219783704832,0.4635411398515905,0.11225999544084427,0.46354113985159057,0.0715514275885793,0.17481898177034969,0.2189804142679764,0.0684043647320394,1.0,2.4174183688389537,0.0,1.0,-0.05555555555555554
sub-005_task-eyesclosed_eeg,0.9633104047022581,1.0,329.4521584081723,0.022339786472980596,0.9949263665194472,0.89569354038175,5.141393043862343,17.339587284640647,0.2599235770516613,0.9681149450123651,0.009143933845981684,0.9681149450123648,0.0,0.0,0.2293924833594983,0.003266117807233939,1.0,1.0386556349191371,0.0,1.0,-0.055555555555555566,0.903363074526519,1.0,308.9501714880695,0.04598461046222047,0.9848566551226322,0.7932401069707538,5.140358302110006,16.26053534147734,0.35604755287484574,0.9165633689982876,0.012738934421186291,0.9165633689982876,0.0,0.0,0.22936563421818326,0.00479424520221558,1.0,1.1099159190589034,0.0,1.0,-0.05555555555555555,0.7990770184553995,1.0,273.28434031174663,0.09456667669603448,0.9735881987981779,0.5831094374867226,5.134559528757573,14.38338633219719,0.570594113355858,0.8170945754856235,0.021058326002167883,0.8170945754856235,0.0,0.0,0.22925432344106236,0.008604308859471993,1.0,1.270025606692282,0.0,1.0,-0.05555555555555556,0.7183097543356491,1.0,245.661935982792,0.120831953999589,0.9631492546839729,0.4200604918745872,5.12734696338762,12.929575578041684,0.9933634479757243,0.7398324934306306,0.0366350701237049,0.7398324934306307,0.0006879944960440316,0.002918913441430537,0.22878832360264736,0.016955292107738218,1.0,1.4344519518660943,0.0,1.0,-0.05555555555555557,0.6189360741214267,1.0,211.67613734952792,0.19818454866357332,0.9682063317766499,0.04256935341093583,5.084387960884756,11.14084933418568,2.0035794037727164,0.6197359962247994,0.07905670978192926,0.6197359962247995,0.030959752321981424,0.10285920380340285,0.22581503562995806,0.040486400566229534,1.0,1.769889434895931,0.0,1.0,-0.05555555555555557
sub-006_task-eyesclosed_eeg,0.980260280228809,1.0,335.24901583825266,0.008925169031656917,0.9964253044495456,0.9566207468948646,5.141622034196109,17.64468504411856,0.07721534056067472,0.9837548294727214,0.002706871330762382,0.9837548294727214,0.0,0.0,0.22941375637993056,0.000952539247637461,1.0,1.0202221407282785,0.0,1.0,-0.055555555555555566,0.9238149085176709,1.0,315.94469871304346,0.031248219846717707,0.9844813062242346,0.8649499031570419,5.14109188872629,16.628668353318076,0.17498015872172695,0.9380364608783938,0.006230012827694906,0.9380364608783938,0.0,0.0,0.22940429733228904,0.0022907013876000536,1.0,1.0837050859268618,0.0,1.0,-0.05555555555555555,0.3339170595904517,1.0,160.83602196214852,0.2832175407158209,0.9757407722725411,0.007960683275429018,4.951120408230118,8.465053787481502,1.730038983538956,0.4208663268397009,0.06506098702688053,0.4208663268397008,0.06776745786033712,0.08889117862436126,0.22120929010868126,0.06081142094197204,1.0,2.3216442308986625,0.0,1.0,-0.05555555555555556,0.48150014934611,1.0,164.81833974692978,0.21145174985055976,0.9411278116131933,0.03632216764003993,5.0397327190726555,8.674649460364725,0.962524965425151,0.47664521945739796,0.04239436820417763,0.47664521945739796,0.04024767801857585,0.07617034363115803,0.22776494468427422,0.027471966080678208,1.0,2.289259288133639,0.0,1.0,-0.055555555555555566,0.46361264423233906,1.0,159.4039144690798,0.19206522273024051,0.9030886778896349,0.07089663466343751,5.05173040914469,8.389679708898939,1.6025679007713434,0.48980454058751555,0.06748392012831228,0.48980454058751555,0.03508771929824561,0.1216165284399023,0.22520022922659189,0.04377711392564499,1.0,2.3578053771203042,0.0,1.0,-0.05555555555555556
sub-007_task-eyesclosed_eeg,0.9656905434800872,1.0,330.2661658701898,0.01589812744342365,0.9929181822759997,0.9287146085918287,5.141527787489861,17.38242978264157,0.07991225326978624,0.9724922912443178,0.002824180222132579,0.9724922912443178,0.0,0.0,0.22941355153241663,0.0010006601079481944,1.0,1.0358106360194002,0.0,1.0,-0.05555555555555555,0.7812719049986072,1.0,267.1949915095237,0.09779414236894156,0.9642604490119296,0.5800088550664492,5.133832609549281,14.06289428997493,0.32024161025861736,0.8059407324845593,0.01215604522464366,0.8059407324845592,0.0,0.0,0.22936125904909335,0.004999179410974504,1.0,1.3002997348046466,0.0,1.0,-0.055555555555555566,0.7699284485803771,1.0,263.315529414489,0.09727041335532002,0.9604404252391955,0.5844586746345173,5.13370453244651,13.858712074446792,0.4569217859540838,0.7974862716432655,0.016977655083412795,0.7974862716432655,0.0,0.0,0.22929466989125297,0.007452067285642412,1.0,1.3197193670937624,0.0,1.0,-0.05555555555555557,0.727811419621838,1.0,248.9115055106686,0.10449919004572224,0.951326961999116,0.4684166871722104,5.131279548299908,13.100605553193086,0.6652631723522637,0.7601751255270537,0.025134666956278032,0.7601751255270538,0.0,0.0,0.2291482702034534,0.011074710385987679,1.0,1.40381011869219,0.0,1.0,-0.055555555555555546,0.5395562332462548,1.0,184.52823177021912,0.1797755596130046,0.916852766428672,0.1005699403617144,5.081766453620999,9.712012198432587,1.4177004486969926,0.5677691420195486,0.06017516109825597,0.5677691420195486,0.02545579635362917,0.06257914129617441,0.2271330218182913,0.032282647770281316,1.0,2.015351046779159,1.1102230246251565e-16,1.0,-0.05555555555555555
sub-008_task-eyesclosed_eeg,0.8550761166859522,1.0,292.43603190659564,0.07027562298481176,0.9789531971669703,0.6809231132857548,5.138253314963071,15.391370100347137,0.42474976864933056,0.8715959577339234,0.015471093101728043,0.8715959577339234,0.0,0.0,0.22933670627042846,0.006021138131585649,1.0,1.1776812706519881,0.0,1.0,-0.05555555555555555,0.7991164561059259,1.0,273.29782798822663,0.10389434468433036,0.9764470958043848,0.526782227946822,5.133009219225082,14.384096209906664,0.5623776678546676,0.8138363123633594,0.02132049159557468,0.8138363123633594,0.0,0.0,0.22924594216428515,0.008824791701659014,1.0,1.2746381902148118,0.0,1.0,-0.05555555555555555,0.7407484630931984,1.0,253.33597437787387,0.13140414477282716,0.9716216268801189,0.38210503102141485,5.12540446990926,13.333472335677572,0.7238190572274829,0.7544132365826923,0.027880935527859373,0.7544132365826922,0.004471964224286206,0.01897293736929849,0.22908857067697422,0.01224768274202931,1.0,1.399287683196641,0.0,1.0,-0.05555555555555558,0.6519899325790829,1.0,222.98055694204635,0.1363175791349104,0.9660115734617082,0.39795213148181746,5.120043105287737,11.735818786423492,0.8258399642649826,0.6659253071959184,0.029691427684708182,0.6659253071959182,0.004471964224286206,0.01897293736929849,0.2287783293069825,0.017089616346609278,1.0,1.601683257899214,1.1102230246251565e-16,1.0,-0.05555555555555554,0.5975956970739867,1.0,204.37772839930346,0.1658982083752847,0.9609376958213833,0.15851797027892847,5.103241449038457,10.756722547331762,1.5679778311441839,0.6096062214181576,0.05702778689189966,0.6096062214181576,0.009631922944616442,0.03368715011309279,0.2268815829729594,0.034004797529945105,1.0,1.794863079037031,0.0,1.0,-0.05555555555555557
sub-009_task-eyesclosed_eeg,0.9819105733204865,1.0,335.81341607560637,0.012623610329128216,0.9979576345336307,0.9378076622113075,5.141580309445636,17.674390319768754,0.13352753538064502,0.983882206161203,0.004691549967842119,0.983882206161203,0.0,0.0,0.2294098156444427,0.0016478571998875496,1.0,1.01859469094201,-1.1102230246251565e-16,1.0,-0.05555555555555555,0.8134089030006056,1.0,278.18584482620713,0.11070702903364851,0.9838710903222176,0.49416791953074246,5.131995548164966,14.641360254010902,0.7154018934316476,0.8217832619703904,0.027367142718789088,0.8217832619703903,0.0,0.0,0.22915035430711153,0.01103150344665999,1.0,1.256174423319526,0.0,1.0,-0.05555555555555554,0.39591448878499186,1.0,148.52883370094492,0.29599665529923175,0.9512789524360566,1.1340892821848223e-06,4.872551500840389,7.817307036891838,0.6000349457792417,0.3577818128909769,0.038344409266820666,0.3577818128909769,0.09322325421396628,0.10855934022072983,0.22760018435031074,0.028805121611841622,1.0,2.431315367123447,0.0,1.0,-0.05555555555555555,0.5714853173716901,1.0,195.447978541118,0.18585093477202852,0.9603884047142056,0.25284194362774925,5.088580772426126,10.28673571269042,0.7138262525085189,0.5741409522802406,0.02748179434229078,0.5741409522802406,0.016511867905056758,0.023743287136893564,0.22885693463798065,0.016002575276357265,1.0,1.9417271975230814,0.0,1.0,-0.055555555555555566,0.6094193573779925,1.0,208.42142022327343,0.20190177492454428,0.9785589440161652,0.03248318415532682,5.081600246531333,10.969548432803863,1.7199989933310975,0.6006404588582069,0.06758258654832433,0.6006404588582069,0.022703818369453045,0.04195074294991715,0.22679705787762783,0.03456404903104331,1.0,1.8175518388510015,0.0,1.0,-0.05555555555555556
sub-010_task-eyesclosed_eeg,0.9896164451852134,1.0,338.448824253343,0.004950352312461834,0.9977477417524394,0.9731144859653539,5.141651000433024,17.813096013333844,0.05051108729373685,0.991844387377819,0.0017679995444069968,0.991844387377819,0.0,0.0,0.2294149044086831,0.000616913708083732,1.0,1.0105179580484973,0.0,1.0,-0.05555555555555555,0.9605586050209916,1.0,328.5110429171791,0.016292558177834728,0.9919156404829153,0.9163991751554045,5.14151933214311,17.29005489037785,0.1227046706050966,0.9683060560601416,0.004329620358378308,0.9683060560601414,0.0,0.0,0.2294105526412213,0.0015418444207713228,1.0,1.0413627625502377,0.0,1.0,-0.055555555555555546,0.708000981290966,1.0,242.13633560151038,0.15569765577718125,0.9629661872728504,0.36844839909778887,5.11677707791927,12.744017663237388,1.0124216996206954,0.7239531364469145,0.03875035082078175,0.7239531364469144,0.005503955968352253,0.017775040499159015,0.22863926507498689,0.01885909365103007,1.0,1.491141027308849,-1.1102230246251565e-16,1.0,-0.05555555555555556,0.6739258822404943,1.0,230.48265172624906,0.13209780671665844,0.9370252791497837,0.3921469827263402,5.1224365832129735,12.130665880328896,0.9046861801382025,0.7109702864300945,0.03443961429940405,0.7109702864300946,0.0006879944960440316,0.002918913441430537,0.22877778143061853,0.017096949173831043,1.0,1.5434066338019676,0.0,1.0,-0.055555555555555566,0.6555318415395562,1.0,228.20258505746023,0.22257671597115933,0.9503558101189442,0.0004136589485929287,5.064155322304414,12.010662371445276,2.57020418806849,0.6738253360878561,0.1198747534507108,0.6738253360878561,0.05125558995528036,0.21745905138657495,0.22425498957845894,0.04838676055011022,1.0,1.7055497321475501,0.0,1.0,-0.055555555555555546
sub-011_task-eyesclosed_eeg,0.9313328965220729,1.0,318.5158506105489,0.044530033135565035,0.9936764469661027,0.7795490403879441,5.140493170903497,16.76399213739731,0.5303227583523833,0.9368221597742588,0.018906828481561604,0.9368221597742588,0.0,0.0,0.2293106421205836,0.006943223863165443,1.0,1.0763756187993414,0.0,1.0,-0.05555555555555556,0.7338072585492084,1.0,250.96208242382926,0.11828126732961422,0.9709797985757981,0.4406936445191744,5.1284028228161205,13.208530653885749,0.9029341721074771,0.7499203904556562,0.0335625791455675,0.7499203904556562,0.0,0.0,0.22891074028162856,0.015213544330142617,1.0,1.401770939525193,0.0,1.0,-0.055555555555555566,0.4990441171704986,1.0,170.67308807231052,0.20625738914644706,0.8997663999193611,0.05219182330374855,5.051338328381725,8.982794109068974,1.0765810141941188,0.5213130842731634,0.04755401538955961,0.5213130842731634,0.027175782593739248,0.05173700312492802,0.227452883288505,0.029946031976109296,1.0,2.2127336392909074,0.0,1.0,-0.05555555555555552,0.5771478395933681,1.0,197.3845611409319,0.13810657673372617,0.9263897246271411,0.2981787737483436,5.112992429858606,10.388661112680625,1.100494165623945,0.6129395806590363,0.04205510804163732,0.6129395806590362,0.0041279669762641896,0.011846697872530143,0.22827572757879447,0.02284231042912365,1.0,1.834173238736414,0.0,1.0,-0.05555555555555559,0.4579986811473707,1.0,159.12110144161693,0.20929005174389043,0.9113746999190874,0.01037210236561442,5.028828654541488,8.374794812716681,2.1030226520992144,0.47894618825613133,0.08794588926004948,0.4789461882561312,0.055727554179566575,0.15884778320295648,0.2228815435468404,0.054363558507021285,1.0,2.3768126464060217,1.1102230246251565e-16,1.0,-0.05555555555555556
sub-012_task-eyesclosed_eeg,0.9279421172822442,1.0,317.35620411052753,0.03727322148541154,0.9874189543671824,0.8090052627127156,5.140848153459411,16.702958111080395,0.31101379521115485,0.9393387475487914,0.011095984924029884,0.9393387475487914,0.0,0.0,0.22938008264191811,0.004044333635500522,1.0,1.0794529712765188,0.0,1.0,-0.05555555555555556,0.8956915489687824,1.0,306.3265097473236,0.039266209643881264,0.9781811826734093,0.8071250540198549,5.14070230129354,16.12244788143809,0.3174448110841071,0.9151757319898973,0.01135367415826617,0.9151757319898973,0.0,0.0,0.2293746433824817,0.004341879838014725,1.0,1.1186086148206658,0.0,1.0,-0.055555555555555566,0.6822575439998386,1.0,233.3320800479448,0.14403984363599778,0.9646533846467181,0.40926672167365513,5.119237188507025,12.280635791997096,0.6895518362398141,0.6969404809709079,0.025953323367887013,0.6969404809709079,0.0020639834881320948,0.00521697656969491,0.22901294906663136,0.013588528513894516,1.0,1.5353524736231667,1.1102230246251565e-16,1.0,-0.05555555555555557,0.6463653774277212,1.0,221.05695908028065,0.13088777886752714,0.926608921707625,0.43134175638067446,5.121503342837968,11.63457679369898,0.3843857538876878,0.6880929897650642,0.014188647277230064,0.6880929897650643,0.0010319917440660474,0.0031900992416565893,0.22930258458720096,0.0072044187133976974,1.0,1.609828947786384,0.0,1.0,-0.05555555555555555,0.6502930874875124,1.0,222.40023592072922,0.13966011014028498,0.9315498181020792,0.2783020150238126,5.117738675851543,11.705275574775222,1.35983874183454,0.6896429724269827,0.052868989059648076,0.6896429724269827,0.0041279669762641896,0.01751348064858322,0.22795890136038816,0.025813140799469607,1.0,1.6162042775545726,0.0,1.0,-0.05555555555555555
sub-013_task-eyesclosed_eeg,0.9476434179691068,1.0,324.0940489454345,0.025378903931464872,0.9908024175624872,0.8616076143391418,5.1413022764235095,17.057581523443922,0.2587748509477195,0.9562741063968577,0.009157706809737994,0.9562741063968575,0.0,0.0,0.22939187729052665,0.0033084105695048325,1.0,1.056023841157552,0.0,1.0,-0.055555555555555566,0.8042381358753452,1.0,275.04944246936805,0.0878255850767855,0.9601049170109801,0.6073861946472321,5.135645262248023,14.47628644575621,0.5103514636723159,0.8344787463465233,0.01910469056076927,0.8344787463465232,0.0,0.0,0.2292845708105242,0.007756580148630367,1.0,1.2588592771258265,-2.220446049250313e-16,1.0,-0.05555555555555555,0.7594187065240829,1.0,259.72119763123635,0.10508818784144625,0.9420160762777683,0.46945023556134474,5.131825160392687,13.669536717433493,0.7334175667099461,0.8014076370576682,0.02874700621432023,0.8014076370576683,0.0,0.0,0.22909916908267464,0.012047807808747245,1.0,1.3450095135359552,0.0,1.0,-0.055555555555555566,0.7212004713046629,1.0,246.65056118619472,0.10336650772736511,0.9548283640467197,0.5316483519998089,5.131479706696808,12.981608483483932,0.9527894211404881,0.751365097669542,0.034822564584471215,0.751365097669542,0.0,0.0,0.22884143085940367,0.016222776260221044,1.0,1.4149702428543727,2.220446049250313e-16,1.0,-0.055555555555555566,0.5791926085771057,1.0,198.08387213337016,0.18262596604177184,0.9383036929450352,0.2290025202280372,5.092166707146067,10.425466954387906,1.9967275882782975,0.604011987519777,0.07470379115938934,0.6040119875197769,0.008599931200550396,0.0232344613564063,0.2253259062642277,0.04312557145792847,1.0,1.913487373245069,0.0,1.0,-0.05555555555555553
sub-014_task-eyesclosed_eeg,0.9173514038929174,1.0,313.73418013137774,0.06753165069731615,0.9947130106771463,0.7012491324161457,5.13885782577665,16.512325270072512,0.6704055316769515,0.9209411669107248,0.02420407718495953,0.9209411669107248,0.0,0.0,0.22923807493964007,0.009026845813262028,1.0,1.0967196222685958,0.0,1.0,-0.055555555555555566,0.8000774189964562,1.0,273.62647729678804,0.1330233360609294,0.9819148382676623,0.4280717079768266,5.1269136539545475,14.401393541936216,0.9990254273610566,0.8076496471437378,0.03846300675686373,0.8076496471437378,0.004815961472308222,0.020432394090013753,0.22887031889999657,0.015809999177175245,1.0,1.294242478747006,0.0,1.0,-0.055555555555555566,0.7603228718325057,1.0,260.03042216671696,0.13507705161063652,0.97258046593752,0.4019470000625591,5.124988982259385,13.685811692985103,0.9058928895120859,0.7737082632337349,0.03538808091564481,0.7737082632337349,0.004471964224286206,0.016017126559095724,0.2289168791967182,0.01512089171324115,1.0,1.3670788393344027,0.0,1.0,-0.055555555555555566,0.6103005244478862,1.0,208.72277936117706,0.1972068495883945,0.9579079997322979,0.1265624496176657,5.0838160748859185,10.98540944006195,1.7873516519453372,0.6169598321038137,0.07243019242212381,0.6169598321038136,0.02992776057791538,0.11788219039251713,0.22624004836821354,0.0380397090119894,1.0,1.8043499648735781,0.0,1.0,-0.05555555555555554,0.42710047778300814,1.0,146.75144423735418,0.2430980982062412,0.9287520070551354,0.012685618425361088,4.96236798534744,7.723760223018641,1.9360301211174438,0.4107373354427965,0.08249173444465682,0.4107373354427965,0.0698314413484692,0.1874017951857104,0.22162036252108042,0.05929581657582038,1.0,2.559451252663828,0.0,1.0,-0.05555555555555555
sub-015_task-eyesclosed_eeg,0.9889507053551858,1.0,338.22114123147355,0.005434802114646371,0.9980325070940078,0.9720856316948915,5.141648420327848,17.801112696393346,0.05068471014542377,0.9908925571944215,0.0017724690901201902,0.9908925571944217,0.0,0.0,0.22941489886110503,0.0006189732767852719,1.0,1.0112033985206985,-2.220446049250313e-16,1.0,-0.05555555555555556,0.9067203696441147,1.0,310.09836641828724,0.05173870262724638,0.988794842297644,0.7513641250633689,5.1400186856591965,16.320966653594066,0.3194438583345378,0.9160558599487539,0.011517309550066896,0.9160558599487539,0.0,0.0,0.2293755778072675,0.004292231698148014,1.0,1.1065948401890655,0.0,1.0,-0.05555555555555556,0.539166056011805,1.0,184.52759412433852,0.26323753301282277,0.9589294022369227,0.009744353214873934,5.0068416807055645,9.711978638123078,1.0816626466555215,0.5080494676027105,0.05285053843387402,0.5080494676027105,0.05125558995528036,0.09685706637483242,0.22716208506301463,0.032077500794047524,1.0,2.029686360842107,0.0,1.0,-0.05555555555555557,0.6954626032690279,1.0,237.84821031800755,0.12351067849102507,0.931125589326216,0.444169959301747,5.1257419798947925,12.518326858842505,0.8671441656464669,0.7398857126063918,0.03349027891857356,0.7398857126063918,0.0013759889920880633,0.005837826882861074,0.22891045369849006,0.015217855792452627,1.0,1.4863358782642389,0.0,1.0,-0.05555555555555558,0.5796405513156849,1.0,198.23706854996425,0.18711005949434328,0.949549188319029,0.18841999211579863,5.0877060746089295,10.433529923682329,1.7773418464325745,0.5936600993967855,0.06771751381976729,0.5936600993967855,0.02063983488132095,0.08450997972166455,0.2259786702180957,0.039562855734003415,1.0,1.9178731854793958,0.0,1.0,-0.05555555555555556
sub-016_task-eyesclosed_eeg,0.954768193768097,1.0,326.53072226868915,0.02344717253969769,0.9937341077978897,0.8719129394074273,5.141359822780602,17.18582748782575,0.2626568083664406,0.9606619016847484,0.009262770285930299,0.9606619016847484,0.0,0.0,0.2293916015602775,0.0033274736632093915,1.0,1.0480207091034597,1.1102230246251565e-16,1.0,-0.05555555555555554,0.8740533013836514,1.0,298.9262290732088,0.06758800406138005,0.9807499493237952,0.6695684852218685,5.138612791104621,15.73295942490573,0.6239464691330485,0.8897854306074757,0.022632715653123022,0.8897854306074757,0.0,0.0,0.22925212978425896,0.00866255948029968,1.0,1.151430658739449,0.0,1.0,-0.05555555555555553,0.8510759836517312,1.0,291.06798640889207,0.08148326439906133,0.978445243285481,0.6302059642937236,5.136945604691563,15.319367705731162,0.8205469803634671,0.8678302900953154,0.0301129546810263,0.8678302900953154,0.0,0.0,0.2291075227185777,0.011887892206981821,1.0,1.1868937591648665,1.1102230246251565e-16,1.0,-0.05555555555555556,0.8124039024134102,1.0,277.8421346253863,0.09984209908674359,0.9775203188571726,0.50818646874533,5.133795369860603,14.62327024344138,1.063808545630757,0.8280791166349818,0.03936890234185634,0.8280791166349818,0.0,0.0,0.2288432597335847,0.016196957179529577,1.0,1.2525174555937177,0.0,1.0,-0.055555555555555566,0.6906404410061856,1.0,236.19903082411548,0.15980291643044597,0.9615011720240296,0.24188994352961,5.11344755984015,12.431527938111342,1.730702989711973,0.7091904127137729,0.06573302292371995,0.7091904127137729,0.00997592019263846,0.03314891422537765,0.2272951182927551,0.031120863542821064,1.0,1.5467231981683973,0.0,1.0,-0.055555555555555546
sub-017_task-eyesclosed_eeg,0.9375270808409418,1.0,320.6342616476021,0.02858802553905951,0.9910637780329555,0.8601660363860659,5.1411974828367,16.875487455136955,0.20366977991223645,0.9457184277785496,0.007209813001957279,0.9457184277785496,0.0,0.0,0.22940070250924985,0.002626144632551193,1.0,1.0676361056690447,0.0,1.0,-0.05555555555555554,0.737927397029794,1.0,252.37116978418956,0.12863927351476329,0.966903568912276,0.4401306784877556,5.126147636103278,13.282693146536293,0.6339448380411395,0.7554605026217454,0.024484050161217942,0.7554605026217454,0.0010319917440660474,0.004378370162145805,0.22916156134136045,0.010796191502483976,1.0,1.4006745585709475,0.0,1.0,-0.05555555555555555,0.6890463001305408,1.0,235.65383464464495,0.15119296533843662,0.9631252902477632,0.36365808671770766,5.11689325465481,12.402833402349732,0.5265387766516499,0.7034325282206209,0.022320356497202914,0.7034325282206207,0.006191950464396285,0.015213859227723413,0.22922930139830794,0.009246963167015607,1.0,1.5322829689647721,0.0,1.0,-0.055555555555555566,0.7090413469746228,1.0,242.49214066532102,0.11780970346120057,0.9530480393732211,0.3956200782797474,5.1277366080651845,12.76274424554321,0.8062716262775823,0.7377835698495808,0.03050991164337375,0.7377835698495808,0.0010319917440660474,0.004378370162145805,0.22898942581814818,0.013979335135950635,1.0,1.4520880137799705,0.0,1.0,-0.05555555555555555,0.611237788329454,1.0,209.04332360867326,0.17882991138612464,0.9537915404728772,0.21720158845436216,5.096872199688221,11.00228018993017,1.6265824699137967,0.6254878906237195,0.06261275386154233,0.6254878906237193,0.015479876160990712,0.048272510066156855,0.22683429320061196,0.034318834122784636,1.0,1.7753069589398391,0.0,1.0,-0.05555555555555552
sub-018_task-eyesclosed_eeg,0.9615485626524153,1.0,328.84960842712604,0.019139138425497634,0.9923127833153651,0.905305009671024,5.141464778321742,17.307874127743478,0.14024403057074608,0.9688840688996878,0.004960854453072309,0.9688840688996878,0.0,0.0,0.22940889796125066,0.0017710120194158621,1.0,1.0404054895338986,0.0,1.0,-0.05555555555555555,0.6183661203626744,1.0,211.4812131640346,0.1740868593224078,0.9472982544274099,0.31462790319992123,5.10177140037748,11.130590166528135,0.5861451314769233,0.6352910124116097,0.023916014779005672,0.6352910124116097,0.012039903680770554,0.01790108267114921,0.22912186822709488,0.011608119894892676,1.0,1.7558645187532949,0.0,1.0,-0.05555555555555555,0.4563212647114712,1.0,156.29836908722416,0.24075271065209622,0.944829560058208,0.02787397495858929,4.992174025321816,8.226229951959166,1.0489503151326276,0.43350835809233357,0.04726696734005996,0.43350835809233357,0.06157550739594082,0.12200608158327289,0.22722271646711736,0.031645158692482675,1.0,2.4123457027575848,1.1102230246251565e-16,1.0,-0.05555555555555556,0.46640738199042875,1.0,160.21942393495723,0.2221890889104428,0.9269658256316422,0.007315910077402839,5.021063045285961,8.432601259734591,1.409366742953477,0.46526582181624576,0.06123145123061351,0.46526582181624576,0.04884760921912625,0.11108821110162802,0.22578268185743416,0.040666442192956745,1.0,2.386632758260188,0.0,1.0,-0.055555555555555566,0.42673987789357565,1.0,145.94503823960287,0.19250651222233373,0.9097074121649693,0.10747681580641016,5.043519395136706,7.6813178020843615,1.0902375088684688,0.44074099442598474,0.04105077314345964,0.44074099442598463,0.025111799105607156,0.046568131145750265,0.22697950636029796,0.033344904255431136,1.0,2.662434415874371,0.0,1.0,-0.05555555555555556
sub-019_task-eyesclosed_eeg,0.9853944239620142,1.0,337.00489299500884,0.007380144628780571,0.998839988472724,0.9596749223399561,5.141635440613118,17.73709963131626,0.06836281272189293,0.9865244282184555,0.0023900939033386706,0.9865244282184553,0.0,0.0,0.22941420352381056,0.0008379551921405923,1.0,1.01487930867806,0.0,1.0,-0.05555555555555555,0.9708389758795196,1.0,332.0269297507957,0.013881389492266845,0.997287311754928,0.932855779853024,5.14156103591251,17.47510156583136,0.09814048536099834,0.9734201432655682,0.003446897265340334,0.9734201432655682,0.0,0.0,0.22941247673802823,0.0012224828391788143,1.0,1.030249323748635,0.0,1.0,-0.05555555555555556,0.7812385244130032,1.0,267.1835753492471,0.1192474919271921,0.9830977411242012,0.4680299948160884,5.12967019909687,14.062293439434063,0.8359351611920675,0.7889436113761444,0.031208477505779843,0.7889436113761444,0.0,0.0,0.22901090741693214,0.013622893651561455,1.0,1.3136054821175018,0.0,1.0,-0.05555555555555553,0.6791183765332401,1.0,232.25848477436813,0.1478923285265265,0.9697266188406448,0.12075128393797724,5.116340897889354,12.224130777598326,1.427497215194566,0.6910350222624154,0.05458741987417466,0.6910350222624154,0.0041279669762641896,0.013612906045689287,0.22801091194739595,0.025349614992841177,1.0,1.5466989792537733,0.0,1.0,-0.055555555555555566,0.532168761768343,1.0,183.78330610357304,0.21886315574841442,0.9587206772819513,0.012075411007406065,5.045850986163787,9.672805584398581,2.2177142254674362,0.5300256678557073,0.09070856758302141,0.5300256678557073,0.07258341933264534,0.17652657111018932,0.22392328870404143,0.04989929582003078,1.0,2.0595062948695495,0.0,1.0,-0.05555555555555556
sub-020_task-eyesclosed_eeg,0.9715066784023325,1.0,332.2552840135977,0.020404071660022945,0.9969309370528772,0.9043562541338912,5.141440857845673,17.487120211241983,0.19915131657962046,0.9743890259253479,0.0070260607901949795,0.9743890259253479,0.0,0.0,0.22940215319300242,0.0024962086817215665,1.0,1.0297967047656802,0.0,1.0,-0.05555555555555555,0.9161936630876001,1.0,313.3382327759592,0.04519710205875205,0.98765465205042,0.7922687746163423,5.140438796104392,16.4914859355768,0.33693918478904383,0.9269807266201705,0.012014870262616417,0.9269807266201703,0.0,0.0,0.22937220732930855,0.004468719307490071,1.0,1.0941879550870763,0.0,1.0,-0.055555555555555525,0.8247855269565999,1.0,282.07665021915716,0.09702598100238183,0.9713895287489543,0.5824304066715367,5.134586688553385,14.846139485218794,0.6401083399532944,0.8453873988404816,0.02383954552566967,0.8453873988404816,0.0,0.0,0.2292213371735908,0.009442326605208292,1.0,1.2306963234240649,0.0,1.0,-0.05555555555555555,0.7676570862946906,1.0,262.5387235127842,0.10326807411575262,0.9597989894809544,0.5225016991528125,5.132559276220073,13.817827553304431,0.9015410530943153,0.795914109458612,0.03321188459658076,0.7959141094586119,0.0,0.0,0.22896541010520077,0.014367321348312359,1.0,1.3272052372213141,0.0,1.0,-0.055555555555555594,0.6036349515318291,1.0,206.44315342388555,0.18239878474717394,0.9535743577812705,0.0028121685809661618,5.0919837484258,10.865429127572927,1.8844530030538655,0.6156703141277363,0.07538515046652519,0.6156703141277364,0.022015823873409012,0.08011074796728732,0.2263027472694618,0.037664911066700814,1.0,1.8055694853600204,0.0,1.0,-0.055555555555555566
sub-021_task-eyesclosed_eeg,0.9843974764265853,1.0,336.6639369378922,0.010686725760764874,0.99822080015301,0.9417346621879075,5.141604339885664,17.719154575678534,0.11386254395690712,0.9861252186877407,0.003989760568791442,0.9861252186877407,0.0,0.0,0.22941145988357384,0.0014003647581322747,1.0,1.0159712350035808,1.1102230246251565e-16,1.0,-0.05555555555555556,0.9254985662782114,1.0,316.5205096671483,0.044196092914645387,0.990702644757383,0.8039132134381453,5.140509358893859,16.658974193007808,0.3065287559476226,0.9335341306398143,0.010982210129546982,0.9335341306398143,0.0,0.0,0.22938093084067046,0.003995937191193807,1.0,1.0830621130461815,0.0,1.0,-0.05555555555555555,0.7590721392897195,1.0,259.6026716370841,0.12903233592117822,0.9639796630922944,0.43122020041093784,5.126755771762095,13.663298507214952,0.8018738453890458,0.7800891839257585,0.030648900667245463,0.7800891839257585,0.0,0.0,0.2290611207612825,0.012750760877437164,1.0,1.360754162869242,0.0,1.0,-0.055555555555555566,0.6830065502282734,1.0,233.5882401780695,0.13604263110291534,0.9410628334952125,0.39625407208675506,5.121418190207506,12.294117904108923,0.8157457611038009,0.7165765302166357,0.031707824234832566,0.7165765302166357,0.0017199862401100791,0.005125443558909991,0.22896525147059207,0.014369849212046754,1.0,1.5290537085538551,0.0,1.0,-0.05555555555555552,0.5572217840204573,1.0,190.5698501349964,0.1963052269844772,0.9242125757422824,0.13971884104158655,5.075330664765666,10.029992112368232,1.265558000800245,0.5776927171076447,0.05301096373145417,0.5776927171076447,0.022359821121431027,0.05112729619123284,0.22779630351610708,0.027210715752549627,1.0,1.971014307627224,0.0,1.0,-0.05555555555555555
sub-022_task-eyesclosed_eeg,0.8659330061172241,1.0,296.14908809209066,0.06978490310837719,0.9749686884002264,0.6550704842242523,5.138343223711647,15.586794110110032,0.5305352401874663,0.8864428211852932,0.019520524956750256,0.8864428211852932,0.0,0.0,0.2292945179545742,0.007456740799295141,1.0,1.1629204832993538,0.0,1.0,-0.055555555555555546,0.7199836813058094,1.0,246.2344190065868,0.11899453907619804,0.9766823320975608,0.47274739404217614,5.128018784414715,12.959706263504568,0.5825325954538816,0.7306802749453953,0.021242552587556387,0.7306802749453954,0.0,0.0,0.22920818964930412,0.009756266963191443,1.0,1.4279108057734822,0.0,1.0,-0.05555555555555555,0.5776954435667307,1.0,197.57184169982193,0.19536438174687934,0.9703875111224126,0.1748284335117012,5.081931853250133,10.398517984201154,0.925175228010569,0.5718445196455108,0.03741158033276468,0.5718445196455108,0.018575851393188857,0.03374681381061086,0.22859635561797145,0.019372277758445113,1.0,1.9005091793833966,0.0,1.0,-0.05555555555555555,0.5851807249169306,1.0,200.13180792159028,0.158085829705376,0.9651418794642029,0.22611655826257632,5.105081892972819,10.53325304850475,1.1374531256405904,0.5933325754245056,0.042061937073002986,0.5933325754245055,0.009975920192638458,0.02237833638430078,0.2281838110030679,0.023742943024920273,1.0,1.8342954075765348,0.0,1.0,-0.055555555555555546,0.5084263822417325,1.0,174.03720480384894,0.20847589476191045,0.9592912184685208,0.007719222714716376,5.045818180198355,9.159852884413102,1.9809809270303667,0.5004965727844451,0.08177922472813157,0.5004965727844451,0.07808737530099759,0.13915783562670553,0.22452362137986503,0.047124541269273304,1.0,2.134441514441613,1.1102230246251565e-16,1.0,-0.055555555555555594
sub-023_task-eyesclosed_eeg,0.9688481403358484,1.0,331.3460639948602,0.020933456735407887,0.9965476461141629,0.8957701504479678,5.141428265996385,17.439266526045273,0.24557455302754766,0.9721115697831116,0.008639667601182606,0.9721115697831118,0.0,0.0,0.22939514629613272,0.003073402535347954,1.0,1.0326472603121497,0.0,1.0,-0.055555555555555546,0.8231557214778003,1.0,281.5192567454077,0.09240581312668228,0.9852899778637184,0.5526172893420613,5.135229540688126,14.816802986600402,0.5750925663571335,0.8320983998546049,0.021176415544249736,0.8320983998546048,0.0,0.0,0.22925599378677075,0.008559688090611401,1.0,1.2314412948356468,0.0,1.0,-0.055555555555555546,0.6474988575658442,1.0,221.44460928751874,0.18860559695108922,0.967625470756378,0.28274994092449274,5.097975742213189,11.654979436185197,0.9472556428352709,0.6502153567050788,0.03724322715334181,0.6502153567050788,0.01479188166494668,0.03228813217821071,0.22845567811655787,0.020966212907249933,1.0,1.6925006031151983,0.0,1.0,-0.05555555555555555,0.6285748572907092,1.0,214.97260119342255,0.13560143330189003,0.9405419564479477,0.3671071480349672,5.1185783828754055,11.314347431232767,0.8790290121624502,0.6589976948525099,0.032911165654249834,0.6589976948525099,0.003095975232198142,0.009570297724969767,0.22880157117255076,0.01677557678116093,1.0,1.6671706740694763,0.0,1.0,-0.05555555555555554,0.5037885963835909,1.0,172.29569996318807,0.19719906053199446,0.9436857971705696,0.04706935727760365,5.05889462381254,9.068194734904633,1.958269501524085,0.5106188261689146,0.07739577531691305,0.5106188261689146,0.04162366701066392,0.11744068062686727,0.22458564268494174,0.046828069009517234,1.0,2.1618614606826965,0.0,1.0,-0.055555555555555566
sub-024_task-eyesclosed_eeg,0.9642414777397036,1.0,329.7705853869786,0.021374990453252706,0.9944548157738208,0.8937991037975335,5.1414163729382585,17.356346599314662,0.1381918653164071,0.9694706838878141,0.004894576248778355,0.9694706838878142,0.0,0.0,0.22940917004967232,0.001735409026408692,1.0,1.0376037790748842,0.0,1.0,-0.05555555555555556,0.6766445890778897,1.0,231.41244946463829,0.16070494299219198,0.9649919172684158,0.37322062878950946,5.11311805201562,12.179602603402017,0.5465800818114774,0.6876649155870087,0.021293587132625795,0.6876649155870087,0.006535947712418301,0.009717541721242198,0.22919100706738232,0.010151907545260921,1.0,1.5693025257785715,0.0,1.0,-0.055555555555555566,0.6030306899691068,1.0,206.23649596943454,0.19018091929045858,0.9601874583689587,0.2926047971761768,5.091424898895534,10.85455241944392,0.5678748116259693,0.6066376987710843,0.02247015264646563,0.6066376987710843,0.01479188166494668,0.019987394628598488,0.22907844478128064,0.012435637657883906,1.0,1.8354509641594667,1.1102230246251565e-16,1.0,-0.055555555555555546,0.6866623813776206,1.0,234.83853443114623,0.1345075066639838,0.9404402784392263,0.4618110295238516,5.1225873328258515,12.359922864797172,0.4526110231555592,0.7208047093102063,0.01730295004030876,0.7208047093102063,0.0,0.0,0.22926097130929995,0.008425317898143212,1.0,1.5131634630245852,2.220446049250313e-16,1.0,-0.05555555555555554,0.6692836897606695,1.0,228.89502189814897,0.14445273491681507,0.9483877237472296,0.3524535306833064,5.11785252910099,12.047106415692053,1.0136960200817515,0.6956434607566526,0.03881270445395295,0.6956434607566526,0.003095975232198142,0.011685784486730673,0.22867868515801493,0.018374925898352285,1.0,1.5728715912089728,0.0,1.0,-0.055555555555555566
sub-025_task-eyesclosed_eeg,0.9756078147887964,1.0,333.6578726577684,0.014590761354177688,0.9978383114807603,0.9286564622505944,5.141551233255491,17.560940666198334,0.15727603008338986,0.9776715002187361,0.005509629680033281,0.9776715002187361,0.0,0.0,0.22940747176142998,0.0019470098605613366,1.0,1.0252342925593794,0.0,1.0,-0.05555555555555556,0.9346244493006345,1.0,319.641561660817,0.03834961454039071,0.9915327649544069,0.8417875900776601,5.140813205472998,16.823240087411417,0.28544208005461075,0.9421353800239362,0.010177870820285265,0.9421353800239362,0.0,0.0,0.22938547125088352,0.003726194624349715,1.0,1.0718087879056932,0.0,1.0,-0.05555555555555555,0.4589183471678788,1.0,174.33584123043147,0.32222636010452566,0.9673724027795061,0.004666175304989939,4.893271150340807,9.175570591075342,0.9357181544572231,0.42367446935805403,0.057717841374321094,0.42367446935805403,0.09150326797385622,0.07894568214202385,0.22677301989039655,0.034721411220718146,1.0,2.128634315669225,0.0,1.0,-0.055555555555555546,0.5692569253007659,1.0,194.68586845286194,0.16857454491961593,0.9439019549592776,0.22987228812295477,5.097660577832118,10.246624655413788,1.354918735768248,0.5882409671442312,0.051030441362402375,0.5882409671442314,0.009975920192638458,0.022176486358838936,0.22758450487949125,0.028928741523357917,1.0,1.8982074126512565,0.0,1.0,-0.05555555555555558,0.41965371382984273,1.0,148.67215572067585,0.2579269729519834,0.9531981609600845,0.011736256853912684,4.939289021130433,7.824850301088202,2.4543422220730986,0.40367336630770784,0.10259122960784893,0.4036733663077078,0.07292741658066736,0.1607737299787179,0.21753171693006348,0.07288025162434032,1.0,2.5243985245646194,1.1102230246251565e-16,1.0,-0.05555555555555558
sub-026_task-eyesclosed_eeg,0.9504431925381581,1.0,325.05157184805006,0.028778225483853222,0.995393380438154,0.8509068171892078,5.141200249763119,17.107977465686844,0.2937223968726942,0.9546292247699576,0.010376696283373949,0.9546292247699575,0.0,0.0,0.2293851650726568,0.003744995588572766,1.0,1.0531380063069418,0.0,1.0,-0.05555555555555556,0.7954371934925767,1.0,272.03952017446125,0.1152966155714487,0.9778490665611456,0.5292922497377242,5.130790808373069,14.317869482866382,0.6300569469382233,0.8077651419785173,0.0242438644987921,0.8077651419785173,0.0,0.0,0.22921523046555517,0.009589424904072363,1.0,1.2872542148193618,0.0,1.0,-0.05555555555555555,0.7111125259348487,1.0,243.20048386971825,0.11730046108985913,0.962458251535928,0.4713763965039732,5.127996023469734,12.800025466827275,0.6139326678593003,0.7323960713982252,0.023017419167755904,0.7323960713982252,0.0,0.0,0.2291825961527329,0.010340046811391411,1.0,1.4463222351927025,0.0,1.0,-0.055555555555555546,0.5484206491643845,1.0,190.12600101133037,0.23800758433875244,0.9669216947575102,0.01596549666419113,5.03526928517487,10.006631632175283,2.5061217318166977,0.5430373144414198,0.10171034114150002,0.5430373144414199,0.06226350189198487,0.13826464333657737,0.22231638182945904,0.056630427489350765,1.0,2.016896506883385,0.0,1.0,-0.05555555555555557,0.47656080237436277,1.0,179.1369215905068,0.29172832084345923,0.9774354110374328,0.0031738617926746404,4.951063270983034,9.428259031079305,2.911199511776059,0.47770059260476855,0.1227674925006466,0.47770059260476855,0.0760233918128655,0.1610524433347967,0.21640466306794764,0.0761616750722862,1.0,2.1589758950672624,0.0,1.0,-0.05555555555555557
sub-027_task-eyesclosed_eeg,0.870487307948285,1.0,297.7066593183135,0.06996073295443109,0.9859444345516322,0.7221436633598495,5.1384155960148625,15.66877154306913,0.4069772927779479,0.8810896432749047,0.014673477044889978,0.8810896432749047,0.0,0.0,0.22934301042675131,0.005776029411581769,1.0,1.1563765547479354,1.1102230246251565e-16,1.0,-0.055555555555555546,0.48501200625850066,1.0,169.097610501438,0.26794231140866115,0.956779071714806,0.0007997608978015648,4.968880637920057,8.899874236917789,1.2157675844373437,0.4492199390836872,0.06298466196564802,0.4492199390836873,0.06260749914000689,0.11555133313543395,0.22525199898184367,0.04350995175878648,1.0,2.163392138758087,0.0,1.0,-0.05555555555555555,0.6847030296127368,1.0,234.16843612755596,0.1278012694269375,0.9424650188246477,0.4669057634860088,5.124427190672461,12.32465453302926,0.6152476217406015,0.7184598146674228,0.02306432444755572,0.7184598146674228,0.0,0.0,0.2291516654929004,0.011004233239908488,1.0,1.5114172897840852,0.0,1.0,-0.055555555555555546,0.6094328788524712,1.0,208.42604456754515,0.158203164628906,0.9335307971200941,0.09570186432920468,5.1053919187546395,10.969791819344481,1.5911804066868895,0.6408315109336461,0.06376652682788576,0.6408315109336461,0.018575851393188854,0.07011470692038402,0.227238111355653,0.031534420795129144,1.0,1.7472987981579828,0.0,1.0,-0.055555555555555566,0.5395855806242177,1.0,194.4819340616286,0.23095297103668774,0.9622344593255145,0.00992724717001842,5.039786989412526,10.235891266401506,2.5304195175683586,0.5579617324194557,0.1060912270554395,0.5579617324194557,0.059511523907808735,0.17795998696859286,0.22257004058113186,0.05562513805000143,1.0,1.9775853689826737,0.0,1.0,-0.05555555555555555
sub-028_task-eyesclosed_eeg,0.9736061406900183,1.0,332.97330011598626,0.014854156106725611,0.9972073086956857,0.9278676916703907,5.141546691563046,17.524910532420325,0.12167811485733027,0.9762688297378966,0.004274359615386789,0.9762688297378966,0.0,0.0,0.22941073566798997,0.001514367075735523,1.0,1.0273514001241273,0.0,1.0,-0.05555555555555553,0.7370624549468756,1.0,252.07535959183144,0.128910218203446,0.9653542277351057,0.44026360126886377,5.126226595657073,13.267124189043761,0.4422074554112255,0.7555560358647583,0.01729918918728418,0.7555560358647583,0.0010319917440660474,0.0031900992416565893,0.22930096628754737,0.007255743033313808,1.0,1.400909597035702,0.0,1.0,-0.05555555555555556,0.7201955496717137,1.0,246.3068779877261,0.12869649375631526,0.9705150367023592,0.4904916394432559,5.1257647619214515,12.963519894090847,0.401908180153954,0.7341205970508545,0.015134068252063737,0.7341205970508545,0.0,0.0,0.2293136417603265,0.006843438462137861,1.0,1.4335650548211647,0.0,1.0,-0.05555555555555554,0.7512763022769671,1.0,256.9364953787227,0.10434158423630163,0.9650304445571698,0.5650594921038409,5.132064572597651,13.522973440985407,0.4704001985018238,0.7736218228376954,0.017386069204941193,0.7736218228376955,0.0,0.0,0.2292846696858051,0.0077536568430427106,1.0,1.3568673973995626,0.0,1.0,-0.055555555555555566,0.7010660939594324,1.0,239.7646041341259,0.13555915007312244,0.9546623699099901,0.3785820461142879,5.122447843088912,12.619189691269785,1.142339585987145,0.7265989549454052,0.0434557220586449,0.7265989549454052,0.004471964224286206,0.01897293736929849,0.22852961304736766,0.02014435175896323,1.0,1.487706591839028,1.1102230246251565e-16,1.0,-0.05555555555555554
sub-029_task-eyesclosed_eeg,0.9564768380554519,1.0,327.11507861496455,0.021356154376592548,0.9941329737303496,0.888971495898491,5.141413357468557,17.216583084998135,0.16152148650047216,0.9619817280071136,0.005695221329043198,0.9619817280071133,0.0,0.0,0.22940665061264212,0.0020414705625024,1.0,1.0460309270837735,0.0,1.0,-0.05555555555555556,0.6999569398406394,1.0,239.3852734254987,0.1361296786465247,0.9797745850568984,0.47566745805020255,5.12284226359372,12.59922491713151,0.42111615000346575,0.705342872533343,0.015802135787135182,0.7053428725333429,0.0003439972480220158,0.0014594567207152685,0.2292985293262791,0.007332352703870114,1.0,1.4836530243767576,0.0,1.0,-0.05555555555555556,0.7111306353888851,1.0,243.2066773029987,0.12383484173672,0.9767557206661736,0.3963636281490553,5.126419936673441,12.800351436999932,0.5168500152142904,0.7207160756166101,0.019485060886392076,0.72071607561661,0.0,0.0,0.2292424651990771,0.008914656292776895,1.0,1.451078231137223,0.0,1.0,-0.055555555555555566,0.661546024700992,1.0,226.24874044773927,0.14388564961760805,0.9750312191401578,0.21458464391391263,5.116793606767704,11.907828444617856,1.0537600501051871,0.6683614999989885,0.04073431729472699,0.6683614999989885,0.007223942208462333,0.02772114154510599,0.22854836111893362,0.019930518739308692,1.0,1.5884218190813566,0.0,1.0,-0.055555555555555566,0.5907477303973505,1.0,202.0357237958939,0.18919874370944775,0.9670766549415297,0.05468137952417594,5.083266855915825,10.633459147152312,1.6622156942106097,0.5894214307676474,0.06815519047950314,0.5894214307676473,0.021327829377364983,0.04512530672667791,0.2268112949952829,0.03447050057558161,1.0,1.832434067483534,1.1102230246251565e-16,1.0,-0.055555555555555566
sub-030_task-eyesclosed_eeg,0.7204161254389432,1.0,246.38231490011856,0.1298026480835452,0.9928604825539816,0.44914133775402526,5.125326209366809,12.96749025790098,0.7045911959278431,0.7180511289453242,0.025685719721566788,0.7180511289453242,0.0003439972480220158,0.0014594567207152685,0.22907607050133366,0.012479297698045795,1.0,1.4356170118782434,0.0,1.0,-0.055555555555555546,0.47506448775951016,1.0,162.47205481375246,0.2365380631487347,0.992568716524528,0.032138485740780445,5.008086507643584,8.551160779671184,0.9914035529812425,0.43390207249709556,0.04282973140045381,0.43390207249709545,0.04643962848297214,0.08722348528080577,0.22709649945065108,0.03253857533188681,1.0,2.3138966543274635,0.0,1.0,-0.055555555555555546,0.4757833472134417,1.0,162.71790474699705,0.21776544993794245,0.9905632489674128,0.08348036265987967,5.033819311037945,8.56410024984195,0.47705972658122764,0.44425412441682666,0.02261325826572797,0.44425412441682677,0.03233574131406949,0.050470387156007636,0.22902253060227148,0.013426072541888778,1.0,2.351283092486553,1.1102230246251565e-16,1.0,-0.055555555555555566,0.5069701932731068,1.0,173.38380609940253,0.18978338541157835,0.9908939319852771,0.024273199260381063,5.066820035638681,9.125463478915924,1.2971756269408816,0.4875869258443254,0.05329112626512448,0.4875869258443254,0.02407980736154111,0.05911150058207249,0.2272965138676734,0.031110669085877396,1.0,2.1720494977496725,0.0,1.0,-0.055555555555555566,0.3700169954681892,1.0,131.3404005037195,0.23589909064355769,0.987469851655469,0.004590489575322504,4.940226830402004,6.912652658090502,1.48552740591338,0.3374136859664583,0.06039014389279379,0.3374136859664583,0.06742346061231509,0.13035816449649643,0.22418872168813403,0.04869287437817579,1.0,2.818833773589345,-2.220446049250313e-16,1.0,-0.05555555555555555
sub-031_task-eyesclosed_eeg,0.973642064873025,1.0,332.98558618657455,0.021635574731161063,0.9966731973250536,0.904290208658155,5.141413782450848,17.52555716771445,0.25966982341173844,0.9767960809235327,0.009152502264873196,0.9767960809235327,0.0,0.0,0.22939294686884545,0.0032333997889914777,1.0,1.0275969196072872,0.0,1.0,-0.05555555555555556,0.8941346291497717,1.0,305.79404316922194,0.05357932660009078,0.9895106735062985,0.7682702636627675,5.139856549222104,16.094423324695896,0.3266483478332943,0.9025940315339962,0.011716615528496463,0.902594031533996,0.0,0.0,0.22937211991128598,0.004473204083324498,1.0,1.122510655211719,0.0,1.0,-0.05555555555555556,0.5879821968883012,1.0,201.089911335799,0.2340587439604714,0.9695560205935454,0.06149322310828386,5.052499884391361,10.58367954398942,1.1763106204194478,0.569098260263973,0.05326448532010156,0.5690982602639729,0.02958376332989336,0.0633104482714955,0.2275508483736965,0.02919229952880412,1.0,1.8668686259882787,0.0,1.0,-0.05555555555555557,0.7166263262204605,1.0,245.0862035673975,0.11831146903143842,0.9513411135674336,0.4416294809213341,5.127732636535178,12.899273871968287,0.9495823045674281,0.7473501870886982,0.03603260793434639,0.7473501870886983,0.0,0.0,0.22884517575999264,0.016169863287811462,1.0,1.4375785856874583,1.1102230246251565e-16,1.0,-0.055555555555555566,0.6495932588268163,1.0,222.66918210286008,0.20645258016100887,0.9575076036868568,0.09973604162265809,5.083428185354586,11.719430636992636,2.2905595675376538,0.6609193962405419,0.09236112185109012,0.6609193962405419,0.04712762297901616,0.13055681288085613,0.22531295585359742,0.043193180849334364,1.0,1.690887378729045,0.0,1.0,-0.05555555555555555
sub-032_task-eyesclosed_eeg,0.9858973178487009,1.0,337.1768827042557,0.007165632667467553,0.998207119166719,0.9638961992808244,5.141637081463079,17.746151721276618,0.05055280705694049,0.9876524737406002,0.0017702621683365922,0.9876524737406002,0.0,0.0,0.22941489751900965,0.0006194705083413416,1.0,1.014358272808392,0.0,1.0,-0.05555555555555554,0.8505982709856065,1.0,290.9046086770774,0.0785498476465819,0.9820425810641576,0.6126500603841479,5.137299915375374,15.310768877740918,0.4331448042130084,0.8637243334218253,0.016206252434138903,0.8637243334218253,0.0,0.0,0.22933370859983135,0.006134251968746054,1.0,1.1865359381202067,0.0,1.0,-0.055555555555555566,0.7834584983882242,1.0,267.94280644877267,0.10626562482377551,0.9767958941173785,0.4924221258025532,5.132243496870743,14.102252970988033,0.5785293483590376,0.7972175979243304,0.02203485103623549,0.7972175979243303,0.0,0.0,0.22923130555182542,0.00919714642560766,1.0,1.3022949317490753,0.0,1.0,-0.055555555555555546,0.8150181461108887,1.0,278.73620596992396,0.08259683544220936,0.9757830351360032,0.6287510993233332,5.136482924738117,14.670326629995998,0.4028382636985725,0.8324252264331955,0.014964805378243505,0.8324252264331955,0.0,0.0,0.2293362059466817,0.006040164679016193,1.0,1.2400577208684984,0.0,1.0,-0.05555555555555555,0.902132026622421,1.0,308.529153104868,0.04958841274083833,0.9859194565456256,0.720569642703353,5.1401220156229215,16.238376479203577,0.47256123819610796,0.9142993251352057,0.017075431230089633,0.914299325135206,0.0,0.0,0.22932725491385264,0.006370957623881445,1.0,1.1120673916039456,0.0,1.0,-0.055555555555555546
sub-033_task-eyesclosed_eeg,0.9768987969757985,1.0,334.0993885657231,0.014413987455815973,0.9953678982749251,0.9077938748797196,5.141553911989526,17.58417834556437,0.14624673194891005,0.9813929915286248,0.005152468914009926,0.9813929915286246,0.0,0.0,0.22940859081832007,0.00181036077096389,1.0,1.023875247171537,1.1102230246251565e-16,1.0,-0.05555555555555557,0.8707862242633315,1.0,297.8088886980594,0.06105538236140394,0.9799901369945088,0.7165813996012176,5.139181929154995,15.674152036739967,0.41707483607920093,0.8872349620371329,0.015146187073368136,0.8872349620371329,0.0,0.0,0.22934200144032266,0.0058159541534869375,1.0,1.1542351457792712,0.0,1.0,-0.055555555555555525,0.5548766033138872,1.0,189.76779833334945,0.19880093017121053,0.9303754626962376,0.1454326375637885,5.074997512549201,9.987778859649973,1.0286888027555765,0.570651275601991,0.043734538470199195,0.5706512756019909,0.02407980736154111,0.05220377836971159,0.22822250295459243,0.023368099890865884,1.0,2.0020332608968032,1.1102230246251565e-16,1.0,-0.05555555555555555,0.44414312084643676,1.0,151.89694732948138,0.20754834749998766,0.9256029773634944,0.056059195327790225,5.030780871377161,7.994576175235861,0.7001714858687852,0.4438418679287034,0.032221067365710974,0.4438418679287034,0.03095975232198143,0.05488238652414469,0.2285672296186744,0.01971295238701168,1.0,2.5149724189435125,0.0,1.0,-0.05555555555555558,0.30043920664810814,1.0,114.4830905915034,0.24167964480717705,0.9187150866946032,0.00017539777604288036,4.875899983448653,6.025425820605442,0.6867597360060537,0.2954172516672852,0.02781395214798493,0.2954172516672852,0.06707946336429309,0.07730070536051263,0.22607036075065015,0.039035508674017894,1.0,3.2580663682111948,0.0,1.0,-0.055555555555555546
sub-034_task-eyesclosed_eeg,0.984193709258214,1.0,336.5942485663092,0.011075150309374403,0.9990140406101261,0.9508829015365182,5.141599920267399,17.715486766647853,0.12500539754820295,0.9851381593438502,0.004377015171493698,0.9851381593438502,0.0,0.0,0.22941058324959282,0.0015372834644560196,1.0,1.0161906902867963,0.0,1.0,-0.05555555555555557,0.8937829008343796,1.0,305.6737520853578,0.05406774669373411,0.9869633676694743,0.7596587197705403,5.139818789330394,16.088092215018833,0.3962536500303013,0.9046039420560206,0.01419207006703454,0.9046039420560206,0.0,0.0,0.22935306958936788,0.005361755058094966,1.0,1.1230536297977225,0.0,1.0,-0.05555555555555558,0.8356814122345742,1.0,285.80304298422436,0.07956396489373202,0.9801939626064413,0.6665026637859712,5.137092901186918,15.042265420222337,0.5302488021959149,0.8501956914501608,0.019249306900954003,0.8501956914501608,0.0,0.0,0.2292832710290975,0.007794906899113283,1.0,1.2078561390674314,0.0,1.0,-0.05555555555555552,0.7478232925484907,1.0,255.7555660515838,0.11345522727102225,0.9636652660075642,0.45829008623410145,5.129930566007221,13.460819265872834,0.7933487752382166,0.7705420897166398,0.029694301585793594,0.7705420897166398,0.0,0.0,0.2290625191280334,0.01272561503770039,1.0,1.370915125706336,0.0,1.0,-0.055555555555555546,0.7215131288705373,1.0,246.75749007372374,0.1607163248003535,0.970653846092626,0.2464233713431728,5.114766396753957,12.987236319669671,1.712565474900211,0.7338203759222468,0.06562755813436125,0.7338203759222468,0.008599931200550396,0.03497624900577239,0.2275228073052055,0.029410051059573894,1.0,1.4742845580386883,0.0,1.0,-0.05555555555555555
sub-035_task-eyesclosed_eeg,0.9434902249709367,1.0,322.67365694006037,0.03213637853482981,0.9938396198270496,0.8651625329918937,5.141079553289664,16.982824049476864,0.2500426529570242,0.9490199870075242,0.008856577865188177,0.9490199870075242,0.0,0.0,0.22939310921290562,0.00322186172955754,1.0,1.0611506469344953,0.0,1.0,-0.05555555555555557,0.8236337684725006,1.0,281.6827488175952,0.09590327587260519,0.9844422153680736,0.5994131460392703,5.134793304209921,14.825407832505011,0.6888919039077533,0.8332477964790419,0.025106626581979298,0.8332477964790419,0.0,0.0,0.22917933953643552,0.01041197757448665,1.0,1.2315228933183853,0.0,1.0,-0.055555555555555566,0.7467759598342798,1.0,255.39737826332367,0.12375079657107058,0.9798032624582963,0.5410364352742228,5.127922709962922,13.441967277017033,0.7474253253508322,0.7556703885450264,0.027073666416175132,0.7556703885450264,0.0,0.0,0.22905650408681924,0.01283342833748617,1.0,1.3768441500437654,1.1102230246251565e-16,1.0,-0.05555555555555555,0.6826093318564277,1.0,233.45239149489828,0.1409652221777274,0.967332235547748,0.3561971187583649,5.119966053731185,12.286967973415697,1.0796493446725002,0.6968253045668703,0.04026482907473941,0.6968253045668703,0.0020639834881320948,0.0073618625934065,0.2285899082122672,0.01944820842328921,1.0,1.5347340008674029,3.3306690738754696e-16,1.0,-0.05555555555555555,0.47595856223115673,1.0,162.7778282830556,0.22241123165096716,0.9540252584390579,0.058072969614753264,5.02535681103229,8.56725412016082,1.5852798065753486,0.4630563702219527,0.06358729370090362,0.4630563702219527,0.04231166150670795,0.10284884925535298,0.22595601622584463,0.039692035456931334,1.0,2.271884382682222,0.0,1.0,-0.05555555555555554
sub-036_task-eyesclosed_eeg,0.9767344113353077,1.0,334.04316867667524,0.01157617065329363,0.9967885563330867,0.9503845713703144,5.141593219484732,17.581219404035537,0.06862546054296059,0.9798379005345123,0.0024085878159932164,0.9798379005345123,0.0,0.0,0.22941416528689326,0.0008483590551506631,1.0,1.023964134896546,1.1102230246251565e-16,1.0,-0.055555555555555546,0.7815155705326728,1.0,267.2783251221741,0.09666341508404813,0.9724070015503562,0.6008752775821012,5.13404782008749,14.067280269588109,0.40156836960601644,0.7996420553213943,0.014624793027956044,0.7996420553213943,0.0,0.0,0.2293315293353585,0.006215191073009831,1.0,1.2991726700422976,0.0,1.0,-0.05555555555555554,0.3726756378252315,1.0,135.61181375234526,0.25689741611570915,0.9457684362995712,0.010779727009954915,4.922195198533414,7.137463881702382,0.9420834642365311,0.35293291670967036,0.03630652132059679,0.3529329167096703,0.056759545923632596,0.05815283397866326,0.22636076609585898,0.03731464216449449,1.0,2.6647140311912807,0.0,1.0,-0.05555555555555555,0.37630931304180476,1.0,136.80132359198439,0.25127825070498816,0.9448863075700896,0.00918652147939019,4.9310861069010175,7.200069662736019,1.1838629416499975,0.36038114560343704,0.049121868599164495,0.360381145603437,0.07327141382868936,0.08395788268371132,0.22505465786184187,0.04451943308329244,1.0,2.659380217836277,0.0,1.0,-0.055555555555555546,0.4537318709464226,1.0,155.17629986367652,0.21437109568091361,0.9265083128345232,0.047135753015828064,5.02497501331836,8.16717367703561,1.1086644402390706,0.452309367642092,0.048064317304105125,0.4523093676420921,0.036807705538355696,0.07838005792719938,0.22742286567732606,0.030173152213206465,1.0,2.428795973787112,1.1102230246251565e-16,1.0,-0.055555555555555546
sub-037_task-eyesclosed_eeg,0.9703554774747402,1.0,331.86157329636114,0.016911585197432705,0.9950260662388289,0.9204847929913411,5.14151056531983,17.466398594545325,0.18560332707710075,0.9751397165751786,0.006537096120297297,0.9751397165751786,0.0,0.0,0.22940401494107013,0.0023188092387487064,1.0,1.030870198781317,0.0,1.0,-0.055555555555555566,0.7052381403190713,1.0,241.19144398912238,0.20350041979991074,0.9754721593198072,0.257173557056438,5.0966689785308805,12.694286525743284,1.06392708352485,0.7015732289415816,0.04446282727552427,0.7015732289415816,0.01582387340901273,0.04846334025553856,0.2284620387746669,0.02089678889903959,1.0,1.5603998341341603,0.0,1.0,-0.05555555555555555,0.34321085564785603,1.0,159.67186721651822,0.2868760192573901,0.9806822536242643,0.02021320974381879,4.94014919267279,8.403782485079908,1.2811992044163,0.40874118104829654,0.049120398740234085,0.40874118104829654,0.057791537667698664,0.07646494758655399,0.22387854273538754,0.050099671157081145,1.0,2.4285377522693095,0.0,1.0,-0.05555555555555555,0.646875483178424,1.0,221.231415247021,0.13179943450414713,0.9163999836036194,0.3879038772566597,5.121105623469836,11.64375869721163,0.5008742731196729,0.6962597699017607,0.01933726401913629,0.6962597699017607,0.0017199862401100791,0.004156534562640033,0.2292111028387167,0.00968758395203244,1.0,1.6110330326030151,0.0,1.0,-0.05555555555555558,0.6269326749585701,1.0,214.41097483583096,0.1499567438594706,0.9163764728900384,0.23892942944664003,5.111668269837061,11.284788149254263,1.3729150667653065,0.6732985585209814,0.055181845605019875,0.6732985585209813,0.013071895424836603,0.05093715365365432,0.2278431123262029,0.02681594885283228,1.0,1.6913427691511107,0.0,1.0,-0.05555555555555556
sub-038_task-eyesclosed_eeg,0.9672853655544603,1.0,330.81159501962543,0.019222233994220007,0.996123366773756,0.899443653244968,5.141464321886438,17.411136579980287,0.22867850363636635,0.9709727160876487,0.008051088383928953,0.9709727160876487,0.0,0.0,0.22939785679862554,0.0028639559294270237,1.0,1.0342406557858976,0.0,1.0,-0.055555555555555566,0.9314892572910317,1.0,318.56932599353286,0.031183995067027834,0.9940156583901488,0.8369507030085424,5.1410995749124755,16.766806631238573,0.2814710458140599,0.9368174886560606,0.009937107119810837,0.9368174886560604,0.0,0.0,0.22938654360093877,0.0036595849741530894,1.0,1.0747780289726405,0.0,1.0,-0.05555555555555556,0.6809174155289269,1.0,232.873756110893,0.17698038707110383,0.9887324168272164,0.28184039214396567,5.106633472161464,12.256513479520683,0.9562956025399972,0.6731213691011921,0.03670774366287797,0.673121369101192,0.013071895424836602,0.044023584573044304,0.22858155121086696,0.01954618616002239,1.0,1.5805513070360049,1.1102230246251565e-16,1.0,-0.05555555555555554,0.6376372282583004,1.0,218.07193206433874,0.16090868345339507,0.96795862396591,0.1673058394893727,5.108522761533074,11.477470108649408,1.0694918227016574,0.6452374850325256,0.041300150173416685,0.6452374850325256,0.009975920192638458,0.02458076379078066,0.22851254875864746,0.020337010773346594,1.0,1.6736755902753524,0.0,1.0,-0.05555555555555556,0.6333501071291985,1.0,216.60573663818587,0.1324163427307683,0.9184871832004896,0.3627410297557064,5.11970702055026,11.40030192832557,1.0999903328696807,0.6812229693475388,0.042440034396553236,0.6812229693475389,0.002407980736154111,0.010216197045006876,0.22845684287518753,0.020953517386593998,1.0,1.6529226500856655,0.0,1.0,-0.055555555555555566
sub-039_task-eyesclosed_eeg,0.9760603264133224,1.0,333.81263163335626,0.01090110449364638,0.9965691860013713,0.9505453877843267,5.141601127878426,17.569085875439807,0.11789670587795875,0.9793929860676629,0.004127748239040908,0.9793929860676629,0.0,0.0,0.22941108582934064,0.0014603581654219352,1.0,1.0246549208951052,0.0,1.0,-0.055555555555555566,0.764221679302947,1.0,261.3638143216079,0.1347981152280561,0.9839698828964,0.4187896696621445,5.125483696078556,13.755990227453047,0.6500903234817914,0.7683899465014691,0.025531783102212588,0.7683899465014691,0.0010319917440660474,0.003190099241656589,0.22917498464768532,0.010507395448045874,1.0,1.3564180556168104,0.0,1.0,-0.05555555555555556,0.3504447248910936,1.0,147.99889817868814,0.2940590719657362,0.9767936018366243,0.002508823033331989,4.880802606568091,7.789415693615165,1.6322012977732585,0.3567222932768792,0.06438471859422296,0.3567222932768792,0.12039903680770553,0.17649372103695177,0.22180286778106875,0.05860944285234385,1.0,2.4666649414971653,0.0,1.0,-0.055555555555555566,0.530394445599364,1.0,181.39748191167408,0.20074892226009414,0.9427786243075847,0.000645379172895565,5.063365628190254,9.547235890088109,1.1970446059391993,0.5319523071366365,0.05411007651461686,0.5319523071366364,0.046783625730994156,0.10765300306332935,0.22768519420877611,0.028125278407161305,1.0,2.070776929047565,-1.1102230246251565e-16,1.0,-0.05555555555555555,0.46890619223841407,1.0,160.36591774553762,0.2163884999100528,0.9199283866433728,0.03388602137821548,5.023540599298072,8.440311460291454,1.2742209800241644,0.469233920436454,0.058364250681509314,0.469233920436454,0.03302373581011352,0.08205902756324238,0.22606594234464578,0.0390610888122146,1.0,2.3135883353181166,1.1102230246251565e-16,1.0,-0.05555555555555555
sub-040_task-eyesclosed_eeg,0.9059211134820621,1.0,309.8250208108652,0.05570439443187561,0.9944960454858432,0.7447228184240224,5.139748773536962,16.30658004267712,0.4064226150988457,0.9099055634736475,0.014531331751693353,0.9099055634736477,0.0,0.0,0.2293506075957373,0.0054660536801742635,1.0,1.1082133892781514,0.0,1.0,-0.055555555555555546,0.8569033614599796,1.0,293.060949619313,0.06376684002246945,0.9812287773142104,0.7242066907226595,5.138880714920624,15.42426050627963,0.4782196709867836,0.8718834380122801,0.017221226006774497,0.8718834380122799,0.0,0.0,0.22931129660104427,0.006921574858104152,1.0,1.1735913857772866,0.0,1.0,-0.05555555555555554,0.46012662582036884,1.0,157.61650487581744,0.27240856957768883,0.9469205197162046,6.347923138298633e-05,4.939126945777769,8.295605519779865,0.9323283669581736,0.4120028144663766,0.04953877905851315,0.4120028144663766,0.06157550739594084,0.10254118870093605,0.22614559793590497,0.038597247072562624,1.0,2.2921605111993335,0.0,1.0,-0.055555555555555546,0.6032048160970462,1.0,206.2960471051898,0.12996734820043082,0.9379553819145598,0.2660502991610389,5.118249065783953,10.857686689746831,0.8032969889361555,0.6338254448790611,0.03125749077146955,0.6338254448790611,0.0037839697282421743,0.010878148125794218,0.22886131317796807,0.015939833055099467,1.0,1.7386649531940586,0.0,1.0,-0.05555555555555556,0.5873211200019031,1.0,201.6792856571875,0.18435719990789673,0.9235396249723024,0.05328235816936779,5.082008455970092,10.614699245115132,2.068233624334759,0.620593820801613,0.09054518193892848,0.6205938208016131,0.05125558995528036,0.21745905138657495,0.22531750002975964,0.04316946985669032,1.0,1.8855996531087391,0.0,1.0,-0.055555555555555546
sub-041_task-eyesclosed_eeg,0.9880135330733969,1.0,337.90062831110174,0.006072204350897667,0.99835723149063,0.971255186663576,5.141644633929365,17.784243595321144,0.05328583776763069,0.9896292141635424,0.0018632567985269475,0.9896292141635425,0.0,0.0,0.22941480779746115,0.0006518516874101925,1.0,1.0121702364520722,2.220446049250313e-16,1.0,-0.05555555555555557,0.9675495919329072,1.0,330.90196044105426,0.015499914426273574,0.9956400935164824,0.9255952455776904,5.141534925288603,17.415892654792334,0.09589133776076196,0.9717087004294789,0.003375461740067974,0.971708700429479,0.0,0.0,0.2294126143732141,0.0011963752819972205,1.0,1.0338059250993823,0.0,1.0,-0.05555555555555555,0.5858773241855342,1.0,200.3700448714527,0.2694021090166561,0.9762108304502851,0.04413629536828286,5.021817057244319,10.545791835339614,1.5120689006709684,0.5517767170621621,0.06595362104595605,0.5517767170621622,0.03199174406604747,0.08305093863541839,0.22557377780407142,0.04180968445908028,1.0,1.8816762087522767,0.0,1.0,-0.05555555555555554,0.5176025309791564,1.0,177.02006559487148,0.2261026999934934,0.9593400475409068,0.09850271416519953,5.041266986383617,9.316845557624818,0.9371633400786602,0.5033565381517171,0.040424140861511755,0.5033565381517171,0.028207774337805296,0.08052622166739837,0.22758420634070867,0.02893109005271266,1.0,2.180312887807758,0.0,1.0,-0.05555555555555555,0.42059541143590345,1.0,145.3091609575324,0.2342508690859482,0.9510640946436449,0.014422180086250635,4.973262886335782,7.647850576712234,1.2350993653113576,0.3950847631644852,0.05755742950076254,0.39508476316448526,0.05985552115583076,0.1298433550173883,0.22669477337469282,0.035228662647978595,1.0,2.5639130138722983,0.0,1.0,-0.05555555555555558
sub-042_task-eyesclosed_eeg,0.9213524948632483,1.0,315.10255324323094,0.04188645587617269,0.9840306629103037,0.8005397213774905,5.140616721976681,16.58434490753847,0.29062128783592,0.9357136612128673,0.01049228404684871,0.935713661212867,0.0,0.0,0.22938380072662326,0.0038276509215463637,1.0,1.087698722791027,0.0,1.0,-0.05555555555555556,0.8951591971930174,1.0,306.14444544001196,0.04279205954905998,0.9733652789473017,0.7774297457160265,5.140512294563695,16.112865549474307,0.3336509710509284,0.9190456641514256,0.01207416634155592,0.9190456641514257,0.0,0.0,0.2293706638509609,0.00454725323002052,1.0,1.1197382915789986,0.0,1.0,-0.055555555555555546,0.4620908271207106,1.0,162.21938840321155,0.2689835404066967,0.9276258007336313,0.007986822507199598,4.950852780636822,8.53786254753745,0.9843071913802381,0.4361493686829155,0.05399718073111066,0.43614936868291554,0.08943928448572411,0.1305477487644806,0.22650521601813822,0.03642754540104204,1.0,2.2205389863290623,0.0,1.0,-0.055555555555555546,0.5608098044695343,1.0,191.79695312858075,0.17396228120749374,0.8968958544870512,0.17584862686535507,5.091523752772883,10.094576480451618,0.8783368672945753,0.6046473159219644,0.03807569337361811,0.6046473159219644,0.01891984864121087,0.04477781931963669,0.2284812969884423,0.020685160716021344,1.0,1.9444801182131861,0.0,1.0,-0.055555555555555546,0.5780491280991666,1.0,197.69280180991498,0.1482075432967108,0.9123501765162637,0.20058181904101513,5.107690601172006,10.404884305784998,1.2042338493217348,0.6213525429572193,0.048400092710850565,0.6213525429572193,0.008255933952528379,0.01640401653603903,0.22799075760866075,0.025530244659958207,1.0,1.8487225128895381,0.0,1.0,-0.055555555555555546
sub-043_task-eyesclosed_eeg,0.9725157514838398,1.0,332.6003870074732,0.016773783182171646,0.9964283876158287,0.9093300752451019,5.141513890222599,17.505283526709118,0.20093305714820592,0.9759440927747115,0.007056757554356949,0.9759440927747115,0.0,0.0,0.2294021282931232,0.0024984959383322013,1.0,1.028572629149132,-2.220446049250313e-16,1.0,-0.05555555555555555,0.9507388265443062,1.0,325.1526786781527,0.018323822496072926,0.9923053346568224,0.9021800800794323,5.141477479323683,17.11329887779751,0.15853719786357684,0.9580144378620377,0.005583001320335631,0.9580144378620377,0.0,0.0,0.22940688591751426,0.002014855080890566,1.0,1.052206557055165,0.0,1.0,-0.05555555555555556,0.7855237537639064,1.0,268.649123787256,0.11131008715562814,0.9764914475086216,0.5474048130586494,5.13141063515548,14.139427567750314,0.6578750301430616,0.7992453670529557,0.02467955138296615,0.7992453670529558,0.0,0.0,0.2291671853418152,0.010676146771121735,1.0,1.3008597226994376,0.0,1.0,-0.055555555555555546,0.7328340758649777,1.0,250.62925394582237,0.1118518614582877,0.9452527586807056,0.4517532899946933,5.129693253614928,13.191013365569598,1.0291643487368498,0.7705336828939927,0.039470342551945065,0.7705336828939927,0.0,0.0,0.22876481095203166,0.01726963281166205,1.0,1.4004238865043073,0.0,1.0,-0.05555555555555556,0.6756964465495117,1.0,231.088184719933,0.16628732619706393,0.9308575633281008,0.2156168445001541,5.108429457396252,12.16253603789121,1.8686909817380724,0.7153738672089502,0.07502545787748637,0.7153738672089502,0.02717578259373925,0.1152970809365062,0.22686991905863452,0.03408252886299738,1.0,1.6028657164564217,0.0,1.0,-0.05555555555555556
sub-044_task-eyesclosed_eeg,0.9793271748585822,1.0,334.9298938016351,0.010559445897657267,0.9975941603676473,0.9484901542922953,5.1416052716087615,17.627889147454475,0.06260900237155619,0.9816529635547019,0.0021998698837822155,0.9816529635547017,0.0,0.0,0.22941443453595173,0.0007721229940667334,1.0,1.0212287922780825,0.0,1.0,-0.055555555555555566,0.9092369945427375,1.0,310.95905213361624,0.0446301381855309,0.9890924091248704,0.8033354572893896,5.1404532299738435,16.36626590176927,0.20289747223492383,0.918530315171128,0.007308052064918329,0.918530315171128,0.0,0.0,0.22939979707880764,0.002704079801025766,1.0,1.1025173879221506,0.0,1.0,-0.055555555555555566,0.363920530337247,1.0,153.24856066695412,0.3030974667254723,0.9545727153304026,0.00038378020034280464,4.885501558408005,8.065713719313374,0.47309978298948835,0.37825815118356254,0.02766473667637029,0.3782581511835626,0.09184726522187822,0.15476282883798703,0.22883679675598814,0.016288013931323446,1.0,2.5271142849920656,0.0,1.0,-0.05555555555555556,0.5566768500148719,1.0,190.38348270508618,0.214784741553511,0.944394347072272,0.18040125077346983,5.064210646979561,10.020183300267695,0.589001273205562,0.5581000542131926,0.02748800689055314,0.5581000542131926,0.021671826625387,0.030952106994707927,0.2288695680782973,0.01582086454723826,1.0,2.024694904626307,0.0,1.0,-0.055555555555555546,0.6478711329845517,1.0,221.57192748071668,0.13853131545291805,0.9364558639626744,0.34376312128240494,5.118584705443965,11.66168039372193,0.7935565369187165,0.681819317140824,0.03105601798865986,0.681819317140824,0.0034399724802201583,0.007457682624244514,0.228932100503681,0.014888663685534069,1.0,1.6207164597364414,0.0,1.0,-0.05555555555555556
sub-045_task-eyesclosed_eeg,0.9700965368368202,1.0,331.7730155981925,0.023481693300493205,0.9977595192503724,0.8917902335034189,5.141365993915654,17.461737663062767,0.27643063368410864,0.9721576936430602,0.0097625679675686,0.9721576936430602,0.0,0.0,0.2293896397681899,0.0034600743327992613,1.0,1.0314587011844447,0.0,1.0,-0.05555555555555554,0.8963515230201347,1.0,306.55222087288604,0.04477347586863381,0.9891157351751036,0.7844952489999789,5.140413409248251,16.134327414362428,0.3679085278613928,0.9055840464039647,0.013043559977874914,0.9055840464039647,0.0,0.0,0.22936192302067634,0.004968623111664445,1.0,1.118443343261771,1.1102230246251565e-16,1.0,-0.055555555555555546,0.6730456871229878,1.0,230.18162499606186,0.14490651613422284,0.9692689693070886,0.4187260881394117,5.118645352570974,12.114822368213783,0.9542376106216115,0.684736366463118,0.03468575086348205,0.6847363664631179,0.0003439972480220158,0.0014594567207152685,0.22866471302553312,0.01854799084318877,1.0,1.556352616450848,1.1102230246251565e-16,1.0,-0.05555555555555553,0.6554771091792967,1.0,224.17317133931948,0.13236487246621256,0.9513360455658648,0.40910652869752806,5.121355099700741,11.798587965227341,0.7753274536013529,0.680287578344371,0.02905564340130466,0.680287578344371,0.0010319917440660474,0.004378370162145805,0.22893498204180412,0.014844289975854677,1.0,1.589890769185716,0.0,1.0,-0.05555555555555557,0.6081466902202867,1.0,207.98616805533803,0.15241984327109173,0.931493931218232,0.24342396573961692,5.109693134585743,10.946640423965158,1.3531946791086098,0.6418606648834833,0.052192206966306415,0.6418606648834831,0.006191950464396284,0.018052482646579878,0.22780492673536104,0.02713842851871175,1.0,1.7554149224242697,0.0,1.0,-0.055555555555555566
sub-046_task-eyesclosed_eeg,0.9569690763461507,1.0,327.2834241103835,0.027450501556724547,0.9942108595130992,0.8598160763175715,5.141246878709191,17.225443374230714,0.29001130433165806,0.9623552901710403,0.010286701171364236,0.9623552901710403,0.0,0.0,0.22938605871872061,0.0036898526881258996,1.0,1.0458602336675362,0.0,1.0,-0.05555555555555553,0.7427780465270931,1.0,254.03009191226585,0.12772407527685467,0.9916930257851616,0.4698487501547632,5.126623724488647,13.370004837487675,0.573142500613883,0.7415739781159152,0.021527145408374724,0.7415739781159151,0.0003439972480220158,0.0014594567207152685,0.22920966306753024,0.009721589573607872,1.0,1.3896632559066853,1.1102230246251565e-16,1.0,-0.05555555555555557,0.3469455071466065,1.0,129.86114306598915,0.2918639156389061,0.9858135856998931,0.0010906933098870366,4.812385054916655,6.834797003473113,1.027993347472917,0.28995659333407614,0.04033872244460693,0.2899565933340762,0.08978328173374614,0.07776468469732256,0.22103526609285146,0.06144094799586647,1.0,2.6990001839622386,0.0,1.0,-0.055555555555555566,0.4016272181725214,1.0,137.64736238776587,0.2275803585699054,0.9697487298654611,0.021240571776959663,4.976038127014627,7.2445980204087315,1.015093793020761,0.3684864042288671,0.04048328982936319,0.3684864042288671,0.04815961472308222,0.07364755333518602,0.2268302099879807,0.034345811741419485,1.0,2.7291898738169436,0.0,1.0,-0.055555555555555566,0.4659160035170835,1.0,159.34327320284257,0.16914258686432468,0.9481566790514664,0.12905946129149212,5.078191393582669,8.386488063307501,0.916291285842765,0.4720184751216214,0.033389786344159456,0.4720184751216214,0.01651186790505676,0.028400092797454823,0.22800394241401745,0.02541222522790611,1.0,2.381584125136284,-1.1102230246251565e-16,1.0,-0.05555555555555557
sub-047_task-eyesclosed_eeg,0.9780957330452613,1.0,334.5087407014794,0.024589190734319366,0.9994613083210385,0.8688019664069478,5.141341635957005,17.605723194814704,0.29698257032815517,0.9784998603893498,0.010480288796823905,0.9784998603893498,0.0,0.0,0.22938613423930118,0.0036851548295449106,1.0,1.0230787368587493,0.0,1.0,-0.05555555555555557,0.8802748058724024,1.0,301.0539836083616,0.06768130158906745,0.992908236000486,0.6782343573202001,5.138650292445021,15.844946505703241,0.5576410722301578,0.885074230644687,0.020096027240558763,0.885074230644687,0.0,0.0,0.22928402629275016,0.007772659413217101,1.0,1.1431946511753515,1.1102230246251565e-16,1.0,-0.05555555555555556,0.44346732224246355,1.0,154.36492295664232,0.2970003083769298,0.9713653749267862,0.0007904020594812326,4.885565289890857,8.124469629296962,0.950314628627671,0.3714276236124392,0.04883803044637008,0.3714276236124392,0.10182318541451668,0.10834111272504762,0.22480784539921728,0.04574944365049772,1.0,2.281442926785403,0.0,1.0,-0.055555555555555546,0.6165426290918964,1.0,210.85757914942857,0.1763379165932808,0.9703532359522099,0.24881987261157015,5.099792716365927,11.097767323654136,0.8547148769757065,0.6180804770602638,0.03331242512296373,0.6180804770602638,0.01582387340901273,0.04933692910714079,0.22868606554769313,0.018282843643279544,1.0,1.7696893071224367,0.0,1.0,-0.05555555555555556,0.658569208751793,1.0,225.2306693931132,0.1566415847490378,0.9745634059300019,0.2253096025620616,5.110898345035917,11.854245757532272,1.5295723192871857,0.6654483593469885,0.05970667213997696,0.6654483593469888,0.02304781561747506,0.09778360028792298,0.2276198328280155,0.028649444160658743,1.0,1.6415931200558287,0.0,1.0,-0.05555555555555556
sub-048_task-eyesclosed_eeg,0.9243855290216061,1.0,316.1398509253893,0.06933906946104898,0.9949964825309232,0.710179486300048,5.1387161673466455,16.638939522388906,0.8471450562282145,0.9279790570055644,0.030583251863365517,0.9279790570055645,0.0,0.0,0.22914011678050875,0.01124214522158635,1.0,1.0888723213527067,0.0,1.0,-0.05555555555555554,0.8841946864199329,1.0,302.3945827556171,0.08184912031615092,0.9818246137726958,0.6364109476713512,5.137164957820169,15.91550435555879,0.9242974624031609,0.8988131458029545,0.03402514531489683,0.8988131458029545,0.0,0.0,0.22905160344568576,0.012920600076185269,1.0,1.1423791532999013,0.0,1.0,-0.05555555555555557,0.5119637989890308,1.0,175.686273748709,0.2723955912403842,0.9689240700010656,0.0015261447914819272,4.977228817216472,9.246645986774158,1.2033002497380623,0.46555424344272234,0.06124215570997056,0.4655542434427222,0.056759545923632616,0.10007186806140199,0.22582079019071705,0.0404542910580396,1.0,2.106390098027713,1.1102230246251565e-16,1.0,-0.055555555555555566,0.5241195899529688,1.0,179.24889976391535,0.16902009973460025,0.9276785948167208,0.18037260374848413,5.089825292408759,9.434152619153439,1.1134720047509117,0.5473630379142918,0.04275805265373245,0.5473630379142918,0.015479876160990712,0.03962693017635832,0.2280224844790558,0.02524530687805544,1.0,2.0828316653752244,0.0,1.0,-0.0555555555555556,0.43280287383156524,1.0,151.20778512660593,0.23801342569620673,0.9407404775688659,0.002397062745213128,4.970224458330247,7.958304480347682,2.4033448505356003,0.4242359030378413,0.10253095542807926,0.4242359030378412,0.06845545235638116,0.1615146757371688,0.21934567966799393,0.06722389276406274,1.0,2.4713192071431975,0.0,1.0,-0.055555555555555546
sub-049_task-eyesclosed_eeg,0.981870790529547,1.0,335.7998103611051,0.011420542561148357,0.9988918960492817,0.9464889645585856,5.141595628711508,17.673674229531844,0.08115741609267683,0.9829201907253422,0.0028474327618286006,0.9829201907253424,0.0,0.0,0.22941356137150343,0.0009984018288541232,1.0,1.0186033928276865,0.0,1.0,-0.055555555555555566,0.919457435499394,1.0,314.4544429407927,0.04913300258024854,0.9937678341216419,0.7794649823275651,5.140217693278441,16.55023383898909,0.397505299957793,0.924468019456911,0.014177769773790464,0.924468019456911,0.0,0.0,0.22935442258597208,0.00530356367207511,1.0,1.090834670236164,3.3306690738754696e-16,1.0,-0.05555555555555557,0.44303043874916886,1.0,168.8528252468601,0.30403212754600567,0.984372425445031,0.008842848607169123,4.915138403161942,8.88699080246632,1.2827790657709508,0.41568788351792635,0.06190375876959193,0.41568788351792635,0.08531131750945993,0.1217507297851149,0.2233576303630996,0.05237316016767918,1.0,2.2208474964601215,0.0,1.0,-0.055555555555555546,0.6104837566544893,1.0,208.78544477583534,0.1879945570387873,0.9679118741529984,0.27371866558408053,5.093358233633026,10.98870761978081,1.0275182917377415,0.6113216343479216,0.03912389343365481,0.6113216343479215,0.01582387340901273,0.026427408072471716,0.22827726875870857,0.022826903325522153,1.0,1.8082944632775806,0.0,1.0,-0.05555555555555556,0.6656736238343491,1.0,227.66037935134742,0.17053412822186081,0.9660353359029432,0.28196083422650825,5.107518397628243,11.982125229018285,1.2216091531916105,0.6750652085254034,0.04697158197022321,0.6750652085254035,0.011007911936704508,0.027160537933473523,0.22833096809340758,0.022283356051001516,1.0,1.6198950342579723,0.0,1.0,-0.05555555555555556
sub-050_task-eyesclosed_eeg,0.9493576400200552,1.0,324.68031288685887,0.04080666008611881,0.9951349625226553,0.8092822500062988,5.140723191766588,17.088437520360998,0.4344975681291691,0.9535847878656369,0.015446627788353047,0.9535847878656369,0.0,0.0,0.22934731696423874,0.005602423464309207,1.0,1.0554024021941395,1.1102230246251565e-16,1.0,-0.05555555555555552,0.8265806535676846,1.0,282.69058352014815,0.11846547580699555,0.9815134369755992,0.476118856188828,5.130734443601295,14.878451764218324,0.7907580781966426,0.8364051659327117,0.030581039212461934,0.8364051659327117,0.0,0.0,0.2291181155149014,0.011681955755297518,1.0,1.2409110793566862,0.0,1.0,-0.05555555555555555,0.5312552651261876,1.0,182.53568181998065,0.27134294395165515,0.955750542032816,0.008821916668015703,4.988989563035834,9.607141148420032,1.0135328485676902,0.49489782796833665,0.05530486472881591,0.49489782796833665,0.05469556243550052,0.10029982922450206,0.2276866564192973,0.028113438707659245,1.0,2.005780198268654,0.0,1.0,-0.05555555555555555,0.6642389065904079,1.0,227.16970605391947,0.133304420911469,0.9478193830348765,0.39291660519192734,5.121506343839469,11.95630031862734,1.1724525762434852,0.6933010983320849,0.04354277848665469,0.6933010983320848,0.0003439972480220158,0.0014594567207152685,0.2284306331818795,0.021237343795636195,1.0,1.569505625963738,0.0,1.0,-0.055555555555555525,0.5499212185293978,1.0,189.33341990367126,0.21598101273948714,0.9443489735288508,0.02062061788101724,5.054851804830362,9.964916837035329,2.280721397643129,0.5593693707222883,0.09375007608364423,0.5593693707222883,0.05572755417956656,0.14268216324229796,0.223888809487008,0.050053770425999476,1.0,2.002041658152863,0.0,1.0,-0.05555555555555558
sub-051_task-eyesclosed_eeg,0.9393295209390674,1.0,321.25069616116104,0.04503961833763802,0.9992264173039523,0.8166475677136683,5.1404955356707855,16.907931376903214,0.3159060715461801,0.9393974333071929,0.011290549433149279,0.9393974333071929,0.0,0.0,0.2293793119932049,0.004087808323833081,1.0,1.0671660306877766,-2.220446049250313e-16,1.0,-0.05555555555555554,0.9220216415827257,1.0,315.3314014212922,0.0356156920896262,0.991866628633267,0.8471551134350223,5.140916255069522,16.59638954848906,0.19140153760242826,0.9291365764912677,0.006790288882377269,0.9291365764912677,0.0,0.0,0.2294020009019727,0.002510165241521466,1.0,1.0862021816099177,1.1102230246251565e-16,1.0,-0.05555555555555555,0.5799496935931914,1.0,198.34279520887145,0.24663346564496877,0.9658228371529424,0.06782522510117897,5.039877334688883,10.439094484677446,0.9780840985331399,0.5576191506136849,0.047557239381944096,0.5576191506136849,0.026487788097695218,0.05277864028623506,0.2280787001692625,0.024732276006629396,1.0,1.874526958372484,0.0,1.0,-0.05555555555555555,0.6299334530239424,1.0,215.4372409341883,0.16332650799336362,0.9526085017549772,0.2624705039860897,5.106535306553571,11.338802154430962,0.8032196087534157,0.6460962276962496,0.03407114251871046,0.6460962276962495,0.014447884416924666,0.05069730561249547,0.22884270355229808,0.016204813428220527,1.0,1.7070683274626577,0.0,1.0,-0.055555555555555546,0.4757405534216419,1.0,163.12530590218827,0.23823703543843214,0.9552100044193973,0.017686100428769058,4.99720846098098,8.585542415904646,1.337773414023534,0.44929812408153014,0.06499790034536403,0.44929812408153014,0.05056759545923633,0.12514504523344158,0.2264750576064016,0.036614576735850675,1.0,2.2880204828671853,0.0,1.0,-0.05555555555555554
sub-052_task-eyesclosed_eeg,0.9728344886200687,1.0,332.7093951080635,0.014998458136329903,0.995936779396374,0.9213179762588787,5.141544317512679,17.511020795161237,0.11823829617846263,0.9767370466602215,0.004160542542031099,0.9767370466602215,0.0,0.0,0.2294110269048967,0.001469585590970141,1.0,1.0281708175431592,0.0,1.0,-0.055555555555555546,0.8860818178845834,1.0,303.0399817165275,0.05422279950373862,0.9861116577363344,0.7583905500339586,5.13978278824014,15.949472721922497,0.278989538186098,0.8974692560285759,0.010083291239937172,0.8974692560285761,0.0,0.0,0.229383739305237,0.003831330019130515,1.0,1.1328653831221802,0.0,1.0,-0.05555555555555556,0.4624204137535731,1.0,158.6649010344399,0.2848900171326969,0.9602992872743475,5.472481797237991e-05,4.926039796438642,8.35078426497052,0.9585358564349469,0.4048671279789035,0.05116836031812522,0.40486712797890356,0.07533539731682148,0.13321268445968448,0.22517099326527296,0.04392724370250001,1.0,2.3171987548189095,1.1102230246251565e-16,1.0,-0.055555555555555566,0.49599402932323444,1.0,169.62995802854618,0.19633380483575424,0.940411020871328,0.11679737074488224,5.063375618526931,8.927892527818221,0.7174839224801844,0.4998020132492784,0.027417091516735492,0.4998020132492784,0.023391812865497078,0.030087471077633134,0.22871889041712057,0.01786751560037386,1.0,2.2566444444962026,0.0,1.0,-0.055555555555555546,0.4809041675589521,1.0,164.46922530516161,0.18336632967374428,0.9298874578362669,0.1500957380979063,5.070643902941528,8.656275016061137,1.2807970532176378,0.4956048116516351,0.047823644190907136,0.49560481165163506,0.0196078431372549,0.038579870313447756,0.22697015921722172,0.0334084685712687,1.0,2.3033636127680657,0.0,1.0,-0.055555555555555546
sub-053_task-eyesclosed_eeg,0.9578659014744764,1.0,327.5901383042709,0.021615155653171462,0.9962944043919632,0.9082422958587412,5.14140862997978,17.24158622654057,0.24320768792790723,0.9613233716590868,0.008525054726935722,0.9613233716590868,0.0,0.0,0.22939498078569234,0.0030857313072034103,1.0,1.0445212245548994,1.1102230246251565e-16,1.0,-0.055555555555555566,0.6820652357336022,1.0,233.26631062089194,0.18505578515551296,0.9734569683473728,0.2534107202586785,5.102798509849862,12.277174243204836,0.9713542173450972,0.6828656996203105,0.039260630904571735,0.6828656996203106,0.013071895424836602,0.02781064042849362,0.22864631195073057,0.018773464749417424,1.0,1.582596397844396,1.1102230246251565e-16,1.0,-0.05555555555555556,0.3126065299998822,1.0,142.98988714339464,0.2698394003352884,0.9495309267724831,2.9537090844833848e-05,4.912539629445135,7.525783533862875,1.096843803319367,0.36407171998797283,0.049489447063701314,0.36407171998797283,0.08668730650154799,0.10113987104485099,0.22587918459590361,0.04012695993541122,1.0,2.5535822354188955,0.0,1.0,-0.05555555555555555,0.4823289343633495,1.0,164.95649555226552,0.20034390916286987,0.9065107881980625,0.11916812548995996,5.05382009438707,8.681920818540291,1.378828633913275,0.5039444519202937,0.054950113821477575,0.5039444519202937,0.023735810113519096,0.029854522124179068,0.22668982755840048,0.035260474031287396,1.0,2.32542343668142,0.0,1.0,-0.055555555555555566,0.3824824113334141,1.0,131.99258975527775,0.2423495665569349,0.9016815844121244,0.0062546824941396234,4.9260880256674415,6.946978408172513,1.945867678437985,0.3702917803914251,0.08217002506351521,0.3702917803914251,0.09047127622979016,0.16112296438616092,0.22140890923836468,0.060080561392566866,1.0,2.7969117832058044,0.0,1.0,-0.05555555555555557
sub-054_task-eyesclosed_eeg,0.980909679624267,1.0,335.4711104314993,0.010652956607726782,0.9956622419602664,0.9507229978973065,5.141604342909574,17.656374233236807,0.11618256115363812,0.985157082725769,0.004079193044470626,0.9851570827257689,0.0,0.0,0.22941126152861457,0.001432491262807597,1.0,1.0195834867759057,-2.220446049250313e-16,1.0,-0.05555555555555557,0.8166874693996375,1.0,279.30711453467603,0.0965792435538678,0.9820532653248002,0.5480338826579553,5.134490454041872,14.700374449193475,0.6574549837949218,0.8279779515613165,0.024324679416273115,0.8279779515613164,0.0,0.0,0.22919566900641078,0.010046106513084137,1.0,1.2433040039370507,0.0,1.0,-0.05555555555555555,0.32761694814740216,1.0,143.69983664152915,0.26647610854551607,0.9807857490717428,0.012675180854905712,4.923684318363363,7.563149296922586,1.4571843693521462,0.36252752266606,0.05832158765312288,0.36252752266606,0.09459924320605437,0.12202547810834466,0.22139616485786603,0.0601275072957215,1.0,2.5492360559634144,0.0,1.0,-0.05555555555555556,0.47773886424593065,1.0,163.38669157210828,0.20034640779175408,0.8669608904419789,0.08757950414397912,5.047816818555674,8.599299556426752,0.8919011015777545,0.5155422295601745,0.0409411368152471,0.5155422295601746,0.027519779841761266,0.036333666120429015,0.22814956881776974,0.02406975686695106,1.0,2.2370148953233984,1.1102230246251565e-16,1.0,-0.05555555555555555,0.540794521847509,1.0,184.95172647184808,0.15582312511479185,0.9043297235027756,0.24298645384398265,5.099985636804039,9.73430139325516,1.1792347011800453,0.5836448378145617,0.04664051618957808,0.5836448378145617,0.011007911936704506,0.021421943552721385,0.2278201827186467,0.027010059115278724,1.0,1.9934187159393821,0.0,1.0,-0.055555555555555566
sub-055_task-eyesclosed_eeg,0.9762455296037119,1.0,333.87597112446946,0.013845882055068646,0.998244313951208,0.9484263693343181,5.1415629195309345,17.572419532866817,0.11134715279436098,0.9779069759982402,0.0038940629669939526,0.9779069759982402,0.0,0.0,0.22941154308686484,0.0013866671814065734,1.0,1.0245388313671795,1.1102230246251565e-16,1.0,-0.055555555555555546,0.9346758707239878,1.0,319.65914778760384,0.02563728060279602,0.9878003171779741,0.8792755322417746,5.141287546741658,16.82416567303178,0.13113466356929177,0.9459891958177498,0.004657363781043848,0.9459891958177498,0.0,0.0,0.2294094499114873,0.0016980102111718769,1.0,1.0706940243536323,0.0,1.0,-0.05555555555555556,0.48923622429225155,1.0,167.36798863102882,0.27422051651469,0.9581591236047888,0.0013195015662848762,4.957165946436541,8.808841506896252,1.1280152667417525,0.4401401354348097,0.06312225890003832,0.4401401354348097,0.07636738906088751,0.1371820310690916,0.22541981164478858,0.04263200048550939,1.0,2.2414058053649395,0.0,1.0,-0.05555555555555554,0.4462488446561373,1.0,154.44772380261514,0.22569862906230026,0.8956359431553541,0.009104449883700134,5.005148751528152,8.128827568558691,1.061041945656181,0.45518629995039267,0.051950972251882055,0.45518629995039267,0.06054351565187479,0.09984220121731952,0.22735545187128187,0.030676985702210575,1.0,2.4256911884870527,1.1102230246251565e-16,1.0,-0.055555555555555566,0.4775784472746078,1.0,163.33182896791587,0.18543992714483493,0.9285652819675958,0.0825616618689591,5.066264314177647,8.59641205094294,0.858349401638469,0.48885559835666553,0.03377413690070023,0.48885559835666553,0.022359821121431027,0.03883057026226256,0.22807923696921234,0.024727325187134244,1.0,2.332959862866348,0.0,1.0,-0.05555555555555556
sub-056_task-eyesclosed_eeg,0.9880721131013016,1.0,337.92066268064514,0.006159409887646943,0.9973742338183963,0.971017960805176,5.141644084197507,17.78529803582343,0.06125125311474598,0.9906639349922486,0.002143619807924353,0.9906639349922486,0.0,0.0,0.22941451072523206,0.0007491435582019906,1.0,1.0121113634139294,1.1102230246251565e-16,1.0,-0.055555555555555546,0.9602727954468108,1.0,328.4132960428093,0.02268735332557686,0.9958196191768993,0.8990305439738646,5.141383292880155,17.2849103180426,0.13394808961133195,0.964133732317633,0.004735387676392718,0.964133732317633,0.0,0.0,0.22940949524012852,0.0016918750065754644,1.0,1.0419596485985414,1.1102230246251565e-16,1.0,-0.05555555555555557,0.7024730305430089,1.0,240.24577644570905,0.18268278601813046,0.9820140468396157,0.3487111130282316,5.1062645312172386,12.644514549774161,0.7852163342822144,0.6983952109585869,0.031521161368156324,0.698395210958587,0.01135190918472652,0.019987394628598488,0.22891183197148787,0.015197109291761194,1.0,1.5394076041383413,0.0,1.0,-0.05555555555555557,0.9449206696947188,1.0,323.1628690355938,0.023829675959750156,0.9870564023888804,0.8985224670634253,5.141345896251687,17.00857205450494,0.08395958068412601,0.9571058204099189,0.002981472574289737,0.9571058204099189,0.0,0.0,0.229413222543529,0.0010734381964742324,1.0,1.058961141908006,0.0,1.0,-0.05555555555555552,0.9747123834714219,1.0,333.35163514722626,0.016983553297085688,0.9969436376550006,0.9229689578870637,5.141510617592784,17.54482290248559,0.17847533052006073,0.9776309421094421,0.00628004302399374,0.9776309421094421,0.0,0.0,0.22940499567539688,0.002219663609552367,1.0,1.02626225585723,0.0,1.0,-0.055555555555555566
sub-057_task-eyesclosed_eeg,0.9831510377618236,1.0,336.23765491454367,0.009944459811682375,0.9984009819162067,0.9454520206954034,5.141612178330137,17.696718679712827,0.0915445444197247,0.9846992332272606,0.0032085986237995467,0.9846992332272606,0.0,0.0,0.2294129708557491,0.0011259442737642817,1.0,1.0172430588848076,0.0,1.0,-0.055555555555555566,0.8765130560286574,1.0,299.7674651618008,0.06791651794159863,0.991086327130951,0.6789533204469728,5.138602270534136,15.777235008515833,0.4808540705516473,0.8827747372933746,0.017451434259389574,0.8827747372933746,0.0,0.0,0.2293189098661375,0.006664572392489703,1.0,1.1482147665234097,1.1102230246251565e-16,1.0,-0.05555555555555555,0.5190229756084769,1.0,178.4246171401592,0.27655962242981214,0.9745049277378862,0.001510986984392868,4.9706103437552915,9.390769323166273,1.19000967404165,0.464996106415588,0.0678242386600857,0.46499610641558786,0.07258341933264534,0.13504860551971323,0.2263762141235573,0.03722080905157438,1.0,2.0673669428157937,1.1102230246251565e-16,1.0,-0.05555555555555556,0.5812119421044428,1.0,198.77448419971944,0.17574821560986614,0.9697799029048297,0.2699051633699224,5.0959198968476915,10.46181495787997,0.6266816024006245,0.5810212927883561,0.023838588462306763,0.5810212927883562,0.013759889920880633,0.021821467529623263,0.228962821710851,0.014408512122126734,1.0,1.8879963096963608,0.0,1.0,-0.05555555555555555,0.6010056900786604,1.0,205.54394600690188,0.16967427600497503,0.9643666060781902,0.23660826366357243,5.100785013335763,10.818102421415889,1.3954222588979612,0.6090363687592237,0.05258265527733813,0.6090363687592237,0.01169590643274854,0.034361864270161115,0.22764729998075245,0.02843036684324971,1.0,1.8057704154437781,0.0,1.0,-0.05555555555555555
sub-058_task-eyesclosed_eeg,0.9889540742829033,1.0,338.2222934047529,0.007296668274251057,0.9976446491436531,0.9634440565442205,5.141636222540188,17.80117333709226,0.07746742727396254,0.9912764381188793,0.002714911033649179,0.9912764381188793,0.0,0.0,0.22941377800743415,0.0009473160634844119,1.0,1.0112249493151195,0.0,1.0,-0.055555555555555566,0.899552826244065,1.0,307.6470665754702,0.05878645691124466,0.9875891630215106,0.7035121376867061,5.139477307276858,16.19195087239317,0.4374082614888998,0.9096862571862016,0.01597163707972822,0.9096862571862016,0.0,0.0,0.22933796627584196,0.0059729533590335325,1.0,1.1168016057621033,0.0,1.0,-0.05555555555555553,0.4219201664520374,1.0,152.56724574037395,0.29649136296931666,0.9704905055825296,0.003354223138234499,4.888849803596622,8.029855038967053,0.865353140831327,0.3721781569647935,0.04336182645367379,0.3721781569647935,0.07739938080495355,0.0986966412343638,0.22523919474451465,0.04357618728400889,1.0,2.3372781426777207,0.0,1.0,-0.05555555555555554,0.44070120243638955,1.0,150.80203346291995,0.23640915304779647,0.9110612323435356,0.00222476799424704,4.980982358911829,7.936949129627366,0.9443777674859793,0.4249468317950931,0.049898783995336024,0.4249468317950931,0.07636738906088752,0.12033120109724654,0.22755376929182902,0.029169522252677712,1.0,2.4197066271454237,0.0,1.0,-0.05555555555555556,0.3894986680479631,1.0,134.10409644542855,0.2425471828759456,0.9206349230514128,0.008053737892366313,4.9338048531806855,7.058110339233082,1.1572929645749988,0.36285046462751647,0.052099338574832,0.3628504646275164,0.0825593395252838,0.12751862451801194,0.22608356017718254,0.038958988243776416,1.0,2.667393521063195,0.0,1.0,-0.05555555555555555
sub-059_task-eyesclosed_eeg,0.9932129294123865,1.0,339.6788218590362,0.004053006457484425,0.9986853475322959,0.9795704795432864,5.14165519940038,17.87783272942296,0.041207108789814616,0.9945163904522384,0.0014404622575676408,0.9945163904522384,0.0,0.0,0.22941518610261738,0.0005013310980464113,1.0,1.0068503004048381,0.0,1.0,-0.05555555555555555,0.9697765322807747,1.0,331.6635740400249,0.01435902773097326,0.9971410756189552,0.9342310776160032,5.141553813236612,17.45597758105394,0.08419355514885755,0.9724897173600437,0.0029553358229664917,0.9724897173600437,0.0,0.0,0.22941332075503085,0.0010522392873097582,1.0,1.0313921906651178,0.0,1.0,-0.05555555555555555,0.7831370134116274,1.0,267.8328585867766,0.11462414149891269,0.9906947626655157,0.5762125655369736,5.130870727906206,14.09646624140929,0.567899045829437,0.7849641440549565,0.020712103883680073,0.7849641440549565,0.0,0.0,0.22922065944553172,0.009458764756773798,1.0,1.3054399189741113,2.220446049250313e-16,1.0,-0.05555555555555554,0.6629417532427014,1.0,226.72607960900388,0.1369856167874007,0.942888937946465,0.22453827893815864,5.1199361717886624,11.932951558368622,1.0230426439788671,0.6942441481734641,0.03946264028897171,0.694244148173464,0.0034399724802201583,0.011876626420111504,0.22865377291944786,0.01868237343246294,1.0,1.5733037748134842,-1.1102230246251565e-16,1.0,-0.055555555555555546,0.5567759122795597,1.0,190.8656058444473,0.1931728471474348,0.952965240437336,0.11206096120946772,5.078395974133141,10.04555820233933,1.7360027506234752,0.5658615058407467,0.06794530793420028,0.5658615058407467,0.026487788097695218,0.0883651195958591,0.22628052628428327,0.03779817947833224,1.0,1.9919356901338432,0.0,1.0,-0.05555555555555558
sub-060_task-eyesclosed_eeg,0.9710133607650504,1.0,332.0865693816472,0.023618933464739637,0.9974848772502256,0.8886743722450866,5.141364653482939,17.478240493770908,0.26555567425204446,0.9733361080545128,0.009354638361031755,0.973336108054513,0.0,0.0,0.22939169307470603,0.003321158786970876,1.0,1.0304808855712877,-2.220446049250313e-16,1.0,-0.05555555555555553,0.960582561833911,1.0,328.51923614719755,0.021867145556408358,0.9927924997747696,0.8976285223159344,5.141402478305314,17.2904861130104,0.2081674309800022,0.9674278338227612,0.007377692195911299,0.9674278338227612,0.0,0.0,0.22940061153889663,0.002634079146242647,1.0,1.041587106375552,1.1102230246251565e-16,1.0,-0.05555555555555554,0.8348760427238904,1.0,285.5276066115705,0.07637570770126514,0.9794187653324896,0.6733872672098776,5.1374551922074225,15.027768769030024,0.46865240562796656,0.850191571368601,0.017088893407532214,0.8501915713686008,0.0,0.0,0.22931005093168422,0.006962721384402447,1.0,1.2080751447852103,0.0,1.0,-0.05555555555555555,0.5993941513882403,1.0,204.99279977477818,0.1604098054006499,0.9453676726376045,0.3014809443347057,5.105679714574668,10.789094724988326,0.7285975842700398,0.6191400066580108,0.028441196233472736,0.6191400066580108,0.010663914688682491,0.018144020631910004,0.2289248925988755,0.014999083170704808,1.0,1.7954563352228194,0.0,1.0,-0.05555555555555554,0.5699112370841838,1.0,194.90964308279086,0.187721845301364,0.939875361677139,0.12981777010893847,5.0842777805231965,10.258402267515308,1.3804004238093086,0.5857988801121947,0.056741641462089154,0.5857988801121947,0.023735810113519093,0.06628890341693179,0.22741940023497467,0.03019926065540064,1.0,1.9439923381546653,2.220446049250313e-16,1.0,-0.05555555555555557
sub-061_task-eyesclosed_eeg,0.9559883979881513,1.0,326.9480321119477,0.054256026158265316,0.9985415836800621,0.7715859888714992,5.139989794403621,17.207791163786727,0.58649074454016,0.9566505129859338,0.021091965895907294,0.9566505129859341,0.0,0.0,0.22929124343372054,0.007556760680792514,1.0,1.049845409961615,0.0,1.0,-0.05555555555555555,0.9334576543094453,1.0,319.2425177738303,0.061619401517675185,0.9942537644861089,0.7193118350533828,5.13939116010669,16.802237777570017,0.6304562357411736,0.9378158689662449,0.02288546637243111,0.9378158689662448,0.0,0.0,0.22926478516944251,0.008320891092773659,1.0,1.0766322786752172,0.0,1.0,-0.05555555555555557,0.6285925338468769,1.0,215.61930117947958,0.2711803432405964,0.9670391604182008,0.026988145321924943,5.027383268902783,11.348384272604187,1.6558761448327504,0.5992788354091046,0.08139009970652658,0.5992788354091048,0.0478156174750602,0.11114252437585641,0.22648238225554687,0.036569242201893774,1.0,1.7525435543210819,0.0,1.0,-0.05555555555555558,0.7868623306932881,1.0,269.10691709710454,0.100023039968384,0.970077907038208,0.5251487725068825,5.133380843018464,14.16352195247919,0.8454105259566534,0.8074046389118784,0.03129950083118584,0.8074046389118785,0.0,0.0,0.22903478539025404,0.013215370922099397,1.0,1.293523212490791,0.0,1.0,-0.05555555555555552,0.599305608661806,1.0,205.48932140840822,0.21021521599747003,0.9486793115771384,0.05295206433863592,5.0701151816471315,10.815227442547801,2.1728624142857487,0.6099474009849862,0.0908077351621477,0.6099474009849862,0.04231166150670795,0.17492048656236886,0.22487614017108815,0.045412559156267886,1.0,1.8411840940512059,0.0,1.0,-0.05555555555555553
sub-062_task-eyesclosed_eeg,0.9497304948240122,1.0,324.80782922981217,0.02662066141115675,0.9915738452166137,0.8674961849212572,5.141268222203317,17.095148906832218,0.2462424758877732,0.9576040502005353,0.008711712053586515,0.9576040502005355,0.0,0.0,0.22939415980823763,0.003146171203412588,1.0,1.0537742996965458,0.0,1.0,-0.05555555555555555,0.8832197021053689,1.0,302.06113812003616,0.05874001771047318,0.9841404225704556,0.7628659433908409,5.139436136241389,15.89795463789664,0.3083872532755029,0.8961649786698302,0.011216395278922835,0.8961649786698305,0.0,0.0,0.22937631354721702,0.004252732163820493,1.0,1.137361428577688,0.0,1.0,-0.05555555555555553,0.3472655763356159,1.0,159.44063869202583,0.2830028069540189,0.9589189078825523,0.0006814820682435407,4.939280018700561,8.391612562738201,0.6688807813595757,0.4129828207000714,0.0325379410059542,0.4129828207000714,0.0694874441004472,0.08616839243977521,0.22875506075884078,0.01739830809554465,1.0,2.3613370079779563,0.0,1.0,-0.05555555555555555,0.5975739096239047,1.0,204.37027709137539,0.16675593105002878,0.915588051102248,0.2744353203867064,5.101737015391713,10.756330373230282,0.7785434576714941,0.635625260254808,0.03247401842039704,0.635625260254808,0.01238390092879257,0.027802129138186107,0.2288475026769578,0.016136897653768717,1.0,1.820929834355287,0.0,1.0,-0.05555555555555557,0.6393514688054193,1.0,218.6582023314534,0.1815134406038563,0.9512084911062749,0.2081527125700557,5.097809535273553,11.508326438497548,1.7778304519655275,0.6571703012034428,0.07054456281828382,0.6571703012034428,0.02545579635362917,0.10799979733292986,0.22653725905656658,0.03622774084188058,1.0,1.7023870739046494,0.0,1.0,-0.055555555555555566
sub-063_task-eyesclosed_eeg,0.983695834449132,1.0,336.42397538160316,0.007578016500704618,0.9969051222470511,0.9595213408448243,5.141633831204507,17.706525020084374,0.05998919318612422,0.9867330143145443,0.002101096915689762,0.9867330143145441,0.0,0.0,0.22941454979797501,0.0007370809730725233,1.0,1.016634946763151,0.0,1.0,-0.05555555555555557,0.9511781757043835,1.0,325.30293609089915,0.022084965304699694,0.9926426786686846,0.8917319670791961,5.141393438436905,17.1212071626789,0.13105984416228048,0.9580654971395518,0.004634352238270885,0.9580654971395517,0.0,0.0,0.22940962587909172,0.0016740673175232002,1.0,1.0518983539596483,0.0,1.0,-0.05555555555555557,0.7291796193449955,1.0,249.3794298159885,0.16129069015389688,0.9803796177900947,0.3224345718793942,5.1157034363153,13.125233148209919,1.1781360627001207,0.7321946238879367,0.045721007121018266,0.7321946238879367,0.013071895424836602,0.052459298357642244,0.22837015265824573,0.02187812428472753,1.0,1.454281185768649,1.1102230246251565e-16,1.0,-0.05555555555555553,0.6694452242900256,1.0,228.95026670718875,0.1420568500726812,0.9664575032784709,0.37902988038050217,5.1192310646163035,12.050014037220457,0.8814753314705871,0.683166816642708,0.03249800582842056,0.683166816642708,0.0020639834881320948,0.00875674032429161,0.22877159721440013,0.017179501021295493,1.0,1.5634143024929592,2.220446049250313e-16,1.0,-0.055555555555555546,0.6023994376152078,1.0,206.02060766440104,0.1916972989612739,0.9561805073758495,0.04977941780905336,5.081645794214223,10.84318987707374,1.8586977054829814,0.6090372497928965,0.0796912048947046,0.6090372497928964,0.04024767801857585,0.15038307015574595,0.22615027897906015,0.03856981028034345,1.0,1.7911932618047504,0.0,1.0,-0.055555555555555566
sub-064_task-eyesclosed_eeg,0.9699277264060235,1.0,331.71528243086004,0.014806345390812912,0.9951149178048972,0.9259079645863968,5.141546608841182,17.458699075308424,0.1273564221398441,0.9746270673703118,0.004480358532780391,0.9746270673703116,0.0,0.0,0.2294102347122866,0.0015884447179562826,1.0,1.0312475667291405,0.0,1.0,-0.05555555555555556,0.8059995992643938,1.0,275.65186294842266,0.10073999304770796,0.9895421607829986,0.5977284503582331,5.1338293548941785,14.507992786759088,0.6752802686421094,0.8106714892589459,0.024280236046720326,0.8106714892589459,0.0,0.0,0.22916512140321488,0.01072035818516359,1.0,1.2605577991133128,0.0,1.0,-0.055555555555555566,0.27025302170463644,1.0,136.19413018586403,0.29151912389362566,0.9886648734680131,0.004483110698823422,4.866140721537652,7.168112115045475,1.5274799023319534,0.3275104192261283,0.05375508676322135,0.32751041922612834,0.07464740282077742,0.12020525956132047,0.2185679834427888,0.06971094290799124,1.0,2.796515266229823,0.0,1.0,-0.055555555555555546,0.40815216708707686,1.0,141.17300937737193,0.25013862441510465,0.946486526720502,0.020060049815153875,4.94793899356999,7.430158388282733,1.3650121477762938,0.3794975638390157,0.055834869047121476,0.3794975638390157,0.07395940832473341,0.11739936145208288,0.2241987949793652,0.048646472402107246,1.0,2.6362221700498476,0.0,1.0,-0.055555555555555566,0.5194548794458484,1.0,177.79365287736033,0.17652743467616228,0.91653240130512,0.03502102672003797,5.080662712625434,9.357560677755806,1.402622448068884,0.5470511994399674,0.05897873942104402,0.5470511994399675,0.03646370829033368,0.10832035824557128,0.22701917160330787,0.033073776196804135,1.0,2.096042409826977,1.1102230246251565e-16,1.0,-0.05555555555555556
sub-065_task-eyesclosed_eeg,0.9824205089982393,1.0,335.98781407739784,0.010058666355925394,0.99837262582878,0.9503895129589804,5.141610992815028,17.683569161968308,0.09995224130061701,0.9839965014787942,0.003499017253696098,0.9839965014787944,0.0,0.0,0.22941243733726435,0.0012298546028653328,1.0,1.0180015868887171,0.0,1.0,-0.05555555555555555,0.9604177241443534,1.0,328.4628616573689,0.01774763716613516,0.9937520669688867,0.9186831291107552,5.141492721306131,17.287519034598358,0.12953384130423085,0.9663588199478584,0.004556626940119166,0.9663588199478584,0.0,0.0,0.2294099398628461,0.0016304721689654172,1.0,1.0415697709103273,0.0,1.0,-0.05555555555555554,0.7203537435515645,1.0,246.36098029463506,0.16918981330470265,0.9623152774451073,0.3761038938212873,5.112381998563604,12.96636738392816,1.2021349376255355,0.7353033498946283,0.04759067164686445,0.7353033498946283,0.009287925696594429,0.023926980753050157,0.22833168331719284,0.022276026147084595,1.0,1.4857826456964576,1.1102230246251565e-16,1.0,-0.05555555555555557,0.627256207722658,1.0,214.52162304114904,0.13288247879420106,0.9166932081041688,0.376698762175349,5.119529958287281,11.290611739007844,0.7715874812770334,0.6748658166517602,0.02955473515046969,0.6748658166517602,0.0017199862401100791,0.005938313210055752,0.22892283791436596,0.015030410127516998,1.0,1.6662518117923717,0.0,1.0,-0.05555555555555554,0.5564898488577434,1.0,190.76406499358302,0.20571061847348632,0.9566076852853057,0.0029465843836471574,5.067042963117369,10.040213947030685,2.038949092685513,0.5584521551513992,0.08105114767207142,0.5584521551513993,0.036807705538355696,0.09978292305427337,0.22472066479324931,0.04617577029404589,1.0,1.973217723972451,0.0,1.0,-0.05555555555555558
sub-066_task-eyesclosed_eeg,0.9192172951882259,1.0,314.3723149543733,0.039867020588357935,0.987486124405876,0.7916192056929008,5.1407126805385115,16.545911313388064,0.2718859707385461,0.930329847760472,0.009760559272106903,0.9303298477604718,0.0,0.0,0.2293878911136634,0.003574123360284734,1.0,1.0900027812717834,0.0,1.0,-0.05555555555555559,0.6415287977807693,1.0,219.40284884102311,0.18159101820421705,0.9604495626810328,0.2059099016357256,5.0996054501422545,11.547518360053848,0.756444802447688,0.64897833754466,0.03198205524373534,0.64897833754466,0.01341589267285862,0.03730427715645259,0.2289011069387354,0.015357805493951363,1.0,1.6878403412159355,0.0,1.0,-0.055555555555555566,0.481999340270026,1.0,165.0280873683427,0.2508999748404815,0.936587589875185,0.012821773988188092,4.990645340682519,8.685688808860142,0.8814521652476806,0.458511810403619,0.04491956672275221,0.458511810403619,0.057103543171654635,0.10938463416432484,0.22789343778306126,0.026384843429257118,1.0,2.230591984509232,1.1102230246251565e-16,1.0,-0.055555555555555566,0.6750494249103203,1.0,230.86690331932954,0.1308864429923813,0.9487355077380016,0.386135909197262,5.122775048089089,12.150889648385766,0.9110338544603171,0.7035604183488983,0.034230922641127697,0.7035604183488983,0.0003439972480220158,0.0014594567207152685,0.2288386997382653,0.0162612560852007,1.0,1.540705945585001,0.0,1.0,-0.05555555555555556,0.6712278592251542,1.0,230.48440918678727,0.23747016437206292,0.9615266509474265,0.006756911445076806,5.054144108575425,12.13075837825196,2.7937641742614656,0.6694113736670603,0.12919638178881224,0.6694113736670604,0.05228758169934641,0.2218374215487208,0.2236921868380775,0.05092528345495044,1.0,1.7182719377846432,1.1102230246251565e-16,1.0,-0.05555555555555556
sub-067_task-eyesclosed_eeg,0.9594729613547095,1.0,328.13975278331066,0.027636038510835167,0.9956624224123475,0.8606661121311882,5.141244288696738,17.27051330438477,0.30992636163245924,0.9634775262928672,0.0109296172065695,0.9634775262928672,0.0,0.0,0.22938242557986763,0.00390919204758563,1.0,1.0431327611078958,0.0,1.0,-0.05555555555555555,0.8944374416705245,1.0,305.8976050513194,0.05242720770709056,0.9875792675668504,0.7530986308462733,5.139935008902653,16.099873950069444,0.5323446525702745,0.9049328287346435,0.018925277702603646,0.9049328287346435,0.0,0.0,0.2293007221071119,0.007263455687582272,1.0,1.1219514726521753,0.0,1.0,-0.055555555555555546,0.490363798075163,1.0,167.70441894170574,0.19969734005103854,0.9235254617461796,0.1284076203002621,5.058860810644271,8.826548365352934,0.8456539575560673,0.5020846772498204,0.033018252842743165,0.5020846772498204,0.021671826625386997,0.041394176694850564,0.22834691991050607,0.022119292817659158,1.0,2.2810092733106013,0.0,1.0,-0.05555555555555555,0.30208681994420356,1.0,106.51848172157067,0.20792547996686817,0.8980192544419746,0.010919673848961604,4.923922140334549,5.606235880082667,1.6072678704848022,0.30198006124881926,0.06258478691484001,0.3019800612488193,0.08393532851737187,0.1525944805728626,0.22033846417664585,0.06389475840509437,1.0,3.4990060406673824,1.1102230246251565e-16,1.0,-0.05555555555555555,0.2354246361589529,1.0,92.75517720703476,0.22044765791081006,0.9235042198562228,0.0005724254898022313,4.814019923194542,4.881851431949198,1.8242519851157575,0.2369862339371039,0.06907047630585934,0.23698623393710394,0.11111111111111112,0.1684462884475363,0.2127083286645984,0.08594618004356928,1.0,3.7838477338485266,0.0,1.0,-0.05555555555555555
sub-068_task-eyesclosed_eeg,0.9791819708878922,1.0,334.88023404365913,0.020267863995911534,0.9962579811322416,0.9027511812597904,5.141445892944437,17.62527547598206,0.2459939456241173,0.9827770997900465,0.008695545268891302,0.9827770997900462,0.0,0.0,0.2293954612642206,0.00304980306641463,1.0,1.021719892740245,0.0,1.0,-0.055555555555555546,0.9416929486361653,1.0,322.0589884335685,0.028179100819768745,0.9885618892505773,0.8625394163241069,5.1412130163753105,16.950473075450972,0.21071854783355543,0.9523378617462764,0.007501141604105649,0.9523378617462764,0.0,0.0,0.22939970526711198,0.0027118574318282717,1.0,1.0628872305240944,0.0,1.0,-0.05555555555555554,0.62633245754911,1.0,214.20570048179565,0.1982512207690429,0.959460551548987,0.2207792885169186,5.08913039607571,11.27398423588398,0.9630647006476424,0.6301716894005643,0.03908370931937834,0.6301716894005643,0.018575851393188857,0.03619008002707234,0.22832962151422992,0.02229714974020115,1.0,1.7529548880878283,0.0,1.0,-0.055555555555555546,0.7163479690879249,1.0,244.9910054280703,0.10871714053178191,0.94751884489102,0.5188223266743692,5.130177017303159,12.89426344358265,0.5610682686808321,0.7504629747591466,0.02109774173142399,0.7504629747591466,0.0,0.0,0.22921936544848148,0.009490071167485351,1.0,1.4286626748731115,0.0,1.0,-0.055555555555555566,0.6445048958825031,1.0,220.42067439181608,0.13219930645179248,0.9185935497385043,0.39599781553794944,5.120594218093047,11.601088125885056,1.2083645800569387,0.6939936082874489,0.04649568499828228,0.6939936082874489,0.0017199862401100791,0.0072972836035763424,0.22822406657313776,0.02335282390179829,1.0,1.620253284265936,0.0,1.0,-0.055555555555555546
sub-069_task-eyesclosed_eeg,0.9096397702179254,1.0,311.0968014145305,0.047232982366922895,0.9875255218312016,0.7940724540084787,5.140303145521587,16.37351586392266,0.30415606699761477,0.9203583772214049,0.010919607599667409,0.9203583772214049,0.0,0.0,0.2293798402962748,0.004058055325385797,1.0,1.1023913734188335,0.0,1.0,-0.055555555555555566,0.39739742081637913,1.0,139.52114907719601,0.2664797527799472,0.9141019795441075,0.007742730443458173,4.902225905018767,7.343218372484002,0.9591457833544308,0.36670706404868364,0.04464368561567884,0.36670706404868364,0.08152734778121777,0.09904014725433286,0.22692968320556717,0.03368230733767133,1.0,2.524299727451926,0.0,1.0,-0.055555555555555566,0.3074891735722427,1.0,127.78799621255132,0.2641665353571516,0.9085972994045944,0.0016500593272698084,4.866832662661441,6.725684011186912,1.0411296111325263,0.3244781732897133,0.039894663644141244,0.32447817328971335,0.10251117991056073,0.08881126924231234,0.22549572817104951,0.04222861025390955,1.0,2.7215631135676173,0.0,1.0,-0.05555555555555555,0.5016249308306976,1.0,171.60201810893017,0.18675800907161097,0.92162346750804,0.011572941207904672,5.069517248235989,9.031685163627902,1.1883309844702967,0.5188881571571133,0.04914421703204445,0.5188881571571133,0.032679738562091505,0.07049006410903444,0.22726476625480965,0.0313417447905372,1.0,2.191734728729292,0.0,1.0,-0.05555555555555556,0.501825285235345,1.0,171.62424755048798,0.18479712335338644,0.9312805790563052,0.1406063887271677,5.0750424379131065,9.03285513423621,1.7425674581309782,0.5209612244582453,0.06525166840688133,0.5209612244582453,0.018575851393188857,0.05348908328345516,0.2251454644371647,0.044057902704756936,1.0,2.244683048561859,0.0,1.0,-0.05555555555555556
sub-070_task-eyesclosed_eeg,0.9891289996466579,1.0,338.282117879157,0.005818793044076841,0.9995184650145037,0.9734507211656876,5.1416462139130354,17.804321993639846,0.06611627479761946,0.9895982465052379,0.0023079128949487614,0.9895982465052379,0.0,0.0,0.2294143127901361,0.0008074864692384915,1.0,1.0110256008423366,0.0,1.0,-0.05555555555555556,0.9400209211626155,1.0,321.4871550376145,0.03153622328384696,0.9964958840145529,0.8389942009987299,5.141096178090461,16.92037658092708,0.26816973841934766,0.9430319717401401,0.00946219631840742,0.9430319717401401,0.0,0.0,0.22938993172583366,0.0034406642070692107,1.0,1.0650351050918587,0.0,1.0,-0.05555555555555555,0.7917599923690929,1.0,270.78191739022975,0.10496303115794851,0.9897582667702839,0.5397977652212236,5.132666970329938,14.251679862643668,0.7850794803817881,0.7957211518936754,0.028547324903755965,0.7957211518936754,0.0,0.0,0.22909492706284587,0.012128204378132338,1.0,1.2873933563935784,1.1102230246251565e-16,1.0,-0.055555555555555546,0.7026839477747818,1.0,240.31791013897538,0.1460999392941206,0.9791657743353306,0.33725816500286043,5.119012062520801,12.64831105994607,1.4722800235640936,0.7097401574266867,0.05473423513964196,0.7097401574266866,0.0041279669762641896,0.014723725186813,0.22796847057792083,0.025728493343607932,1.0,1.4989431678794751,0.0,1.0,-0.055555555555555546,0.6348567267736688,1.0,217.1210005565947,0.1873745306181871,0.9749909825223874,0.20743440368189223,5.094790791607915,11.427421081926036,1.9676163880182638,0.6367072708220732,0.07463472333256799,0.6367072708220733,0.027175782593739248,0.1077573781641706,0.2262917627349397,0.037730850317507815,1.0,1.7440828189538722,0.0,1.0,-0.05555555555555555
sub-071_task-eyesclosed_eeg,0.9859766345019172,1.0,337.2040089996557,0.007412552023694067,0.9984873744460354,0.9657744599804182,5.141635241646288,17.747579421034505,0.03910353452036529,0.9874522791708628,0.0013708557360426312,0.9874522791708628,0.0,0.0,0.22941523326386629,0.00047926386703917175,1.0,1.0142803750819624,1.1102230246251565e-16,1.0,-0.055555555555555546,0.917123508234738,1.0,313.6562398162804,0.03811813722952631,0.9905704885034752,0.8379913724036294,5.1408008274567765,16.508223148225284,0.1482809294664016,0.925318288802284,0.005250530950568951,0.925318288802284,0.0,0.0,0.22940726910543646,0.0019707432492024773,1.0,1.0922457031571746,0.0,1.0,-0.05555555555555555,0.5278291571215518,1.0,180.5175717355707,0.25824231669526104,0.9745776057956193,0.004853992558857727,5.004805634703953,9.500924828187932,1.1707007976981219,0.4880152937548033,0.05593356476865542,0.4880152937548033,0.0457516339869281,0.10323356840002978,0.22613302766316715,0.038670825531111855,1.0,2.045750047626978,0.0,1.0,-0.05555555555555555,0.66163420742551,1.0,226.27889893952445,0.13310361609900212,0.9461528863668324,0.38951796156445034,5.121646058216168,11.909415733659182,0.6370314663863902,0.6902541388949142,0.02374879288729801,0.6902541388949142,0.0010319917440660474,0.002383282844952016,0.22910437749424686,0.011948353875829244,1.0,1.573400093089941,0.0,1.0,-0.05555555555555555,0.7123658951275588,1.0,243.62913613362508,0.13159195955581732,0.9616002853313316,0.3930683248348088,5.124246040966387,12.822586112296056,1.24450592470694,0.7341913326051474,0.046198493160259486,0.7341913326051475,0.0003439972480220158,0.0014594567207152685,0.22845467450544296,0.020977145753904337,1.0,1.4573759275667921,0.0,1.0,-0.055555555555555566
sub-072_task-eyesclosed_eeg,0.8887872748725235,1.0,303.96524800640304,0.0634233752835778,0.9823175934214174,0.7337885755668874,5.139076690798479,15.998170947705427,0.3499556163918909,0.9032859525338054,0.012870700550727929,0.9032859525338055,0.0,0.0,0.22936637722445566,0.004758565571381342,1.0,1.1311734537310778,-2.220446049250313e-16,1.0,-0.055555555555555546,0.7141735050408883,1.0,244.24733872398377,0.1363820088065972,0.9700356250523631,0.4677235013192589,5.123385412002399,12.85512309073599,0.4077298418707254,0.7271053884260187,0.01570652382829852,0.7271053884260188,0.0006879944960440316,0.002005831405175542,0.22931082600217406,0.006937148230293303,1.0,1.453438988847427,0.0,1.0,-0.05555555555555555,0.6745586607481343,1.0,230.69906197586192,0.14579683513729036,0.9537199191238075,0.42945111296040017,5.118313434808219,12.142055893466416,0.28732094444278,0.6959406593112668,0.011776424845230941,0.6959406593112669,0.0027519779841761265,0.005329182450921798,0.22935479456498642,0.005287452829229207,1.0,1.554679807155237,1.1102230246251565e-16,1.0,-0.05555555555555556,0.6689444394235404,1.0,228.77899828285084,0.13325952564794688,0.946339182712216,0.4429692695295577,5.122046537552787,12.040999909623729,0.4606138109687984,0.6976090574078126,0.016895667831907955,0.6976090574078126,0.0003439972480220158,0.0014594567207152685,0.2292382933446812,0.009021297677513005,1.0,1.5544686385135638,2.220446049250313e-16,1.0,-0.055555555555555525,0.6214951519710347,1.0,212.55134197409387,0.16664076184274282,0.9528076771768835,0.06917427376025354,5.102775500215836,11.186912735478629,1.6021850253703869,0.6387780147835008,0.06349656227734037,0.6387780147835008,0.0196078431372549,0.07860318299050338,0.22720384191198462,0.03178038967354433,1.0,1.7324146947955998,0.0,1.0,-0.05555555555555554
sub-073_task-eyesclosed_eeg,0.9844370637705026,1.0,336.67747580951186,0.011788782958402036,0.9989133129435168,0.9297477802391984,5.141591368581934,17.719867147869046,0.13080358395686387,0.9854767753460013,0.0045848907482593905,0.9854767753460013,0.0,0.0,0.22941009927830777,0.0016078857190122168,1.0,1.0159575652467652,0.0,1.0,-0.05555555555555555,0.9363579361520301,1.0,320.2344141639943,0.031874045126175095,0.9968275025297711,0.8532753997745571,5.141081423695258,16.854442850736543,0.19734620615982962,0.938997632071708,0.0069674568635231995,0.938997632071708,0.0,0.0,0.22940166747259094,0.002540454322213804,1.0,1.0692245642309282,0.0,1.0,-0.05555555555555556,0.7096887080784698,1.0,242.7135381628367,0.16086064814827142,0.9828420395641079,0.2997570055526058,5.114582280686066,12.774396745412458,0.8866226663537131,0.7094029075363824,0.03522374576308082,0.7094029075363825,0.010663914688682491,0.03951329147384241,0.22881866021941055,0.016540848912990395,1.0,1.495181170715121,2.220446049250313e-16,1.0,-0.05555555555555557,0.8309065843200718,1.0,284.17005183746454,0.0679396775867335,0.9867142410733283,0.6810225193430538,5.1383418558320155,14.956318517761291,0.38728994297252395,0.8403337670577562,0.01368048941486701,0.8403337670577562,0.0,0.0,0.22934673225181884,0.0056263089837798735,1.0,1.21145551398721,1.1102230246251565e-16,1.0,-0.05555555555555555,0.7258136688654271,1.0,248.22827475197607,0.13021863524723257,0.9689190637079066,0.30247727729253027,5.124923523913942,13.06464603957769,1.218026098783499,0.7425766470864893,0.04579595711469633,0.7425766470864893,0.0010319917440660474,0.004378370162145805,0.22850994835965555,0.02036620848454579,1.0,1.428883896595528,0.0,1.0,-0.055555555555555566
sub-074_task-eyesclosed_eeg,0.9631996852806098,1.0,329.41429236596855,0.021185215225674774,0.9972496634692783,0.8840457748385998,5.1414202199593095,17.337594335050973,0.2494524124876426,0.9657610871463543,0.008755176911470037,0.9657610871463543,0.0,0.0,0.2293943436724855,0.003132736573353331,1.0,1.0387179431285376,1.1102230246251565e-16,1.0,-0.05555555555555554,0.8953453356576009,1.0,306.2081047948995,0.05172600482984422,0.9928054404969888,0.7543579625007018,5.139976347030183,16.116216041836815,0.48441264071322504,0.9010507326219548,0.017219439227308772,0.9010507326219548,0.0,0.0,0.22932196877888145,0.006558474117212995,1.0,1.12075735049741,0.0,1.0,-0.05555555555555556,0.6837850032696854,1.0,233.8544711182324,0.15923928804042586,0.9765250183370467,0.3122339607147034,5.1134354981671475,12.308130058854337,0.8489109157136739,0.6874131598756946,0.03334788922527813,0.6874131598756945,0.008943928448572412,0.034986397344592,0.2288187143738789,0.01654009974739054,1.0,1.5552392556006265,-1.1102230246251565e-16,1.0,-0.05555555555555555,0.7569018611474586,1.0,258.86043651243085,0.10043600105564325,0.9763871923943463,0.5390660144609885,5.132871426724819,13.624233500654256,0.8193955781120001,0.7714433616740827,0.029552849212811916,0.7714433616740826,0.0,0.0,0.22903258950230865,0.01325337290033759,1.0,1.3447891792483315,0.0,1.0,-0.055555555555555546,0.6187592411659352,1.0,211.6586561549746,0.17502131906773694,0.9641243422794957,0.010748919056186483,5.098197556796762,11.139929271314452,1.7795763610473108,0.6266543683707445,0.06976327935042916,0.6266543683707445,0.01754385964912281,0.0515100702701206,0.2267990959182459,0.03455067348163731,1.0,1.7472295853959205,-1.1102230246251565e-16,1.0,-0.055555555555555546
sub-075_task-eyesclosed_eeg,0.9791170254336047,1.0,334.8580226982928,0.01738561859244885,0.998095948815075,0.9232314049255488,5.141504453799714,17.624106457804885,0.20684626309647472,0.9809227273477753,0.00726957764185376,0.9809227273477753,0.0,0.0,0.22940143525057363,0.0025613379990314937,1.0,1.021659453812334,0.0,1.0,-0.055555555555555546,0.8297227319391305,1.0,283.76517432318263,0.0900266615535163,0.9661782115231056,0.6223211735719889,5.135658314922153,14.93500917490435,0.5747137340530257,0.8555712724739243,0.021446512143598946,0.8555712724739243,0.0,0.0,0.22926172581806045,0.008404761881987162,1.0,1.2204982420147414,0.0,1.0,-0.05555555555555554,0.45359240875870943,1.0,155.48771519675594,0.2575285669190943,0.9089932186400186,0.0033887580836641502,4.958684870635693,8.183563957724,1.0227924746064505,0.4322551815545445,0.05504471556845388,0.4322551815545445,0.07567939456484347,0.11523959151495995,0.22587037313090222,0.04017652908198291,1.0,2.3627435615019805,0.0,1.0,-0.055555555555555546,0.44148320540340064,1.0,152.6759482258371,0.19349438291945925,0.9093821166289117,0.0407422248527381,5.046889078011245,8.035576222412477,1.6217024531157567,0.4654310018728799,0.06455658543622105,0.4654310018728798,0.026143790849673207,0.06675496826530736,0.22485888366336254,0.04549792726086346,1.0,2.518283587763496,0.0,1.0,-0.055555555555555546,0.4327567930063529,1.0,154.83284043907764,0.25706075742295453,0.952355009127272,0.022095192434886113,4.963647589985113,8.149096865214613,2.7417454777113077,0.43382658600537877,0.10834073663183456,0.43382658600537877,0.05572755417956656,0.12369081068678654,0.21618441789272988,0.07678461048771408,1.0,2.7170060795640585,0.0,1.0,-0.05555555555555558
sub-076_task-eyesclosed_eeg,0.9736933534444809,1.0,333.0031268780125,0.015181248011112545,0.9975344176075458,0.9337946741456131,5.141541669361079,17.526480362000658,0.17757013326016333,0.9760514905312736,0.0062179826654437725,0.9760514905312734,0.0,0.0,0.22940511366732524,0.0022074353104908893,1.0,1.027269109403389,0.0,1.0,-0.05555555555555555,0.8950251979758347,1.0,306.09861770773546,0.04922718198337388,0.9936848968613728,0.7363776056946243,5.140138412239608,16.110453563565024,0.429850912192841,0.8999709299186996,0.015246036092611371,0.8999709299186999,0.0,0.0,0.22934116908456031,0.005848684492732404,1.0,1.1207679313841132,0.0,1.0,-0.05555555555555556,0.728918009664459,1.0,249.28995930524496,0.11431807990294643,0.9847088839777408,0.5098706459888751,5.129420175467681,13.120524173960261,0.6715841770600974,0.7345984554821502,0.02432625895214234,0.7345984554821502,0.0,0.0,0.22913513338839692,0.011343262072700594,1.0,1.4060065327406193,0.0,1.0,-0.05555555555555554,0.47753106450549226,1.0,163.31562406087835,0.2200162402707169,0.9809780157543356,0.10436156803998686,5.0320297666032925,8.59555916109886,1.3420683049325148,0.4532732855902594,0.050995401556198736,0.4532732855902594,0.03027175782593739,0.054072165732723936,0.2263207219860214,0.03755675368152112,1.0,2.3193339577268506,2.220446049250313e-16,1.0,-0.055555555555555566,0.3538917211172466,1.0,131.5299635178847,0.27147144984924754,0.9776908374910066,0.0013760439905256576,4.869884282357108,6.922629658836037,1.8553290421910538,0.32311071268680375,0.07180467729757255,0.3231107126868037,0.07567939456484347,0.13963915673351285,0.21711970301941624,0.07409867413205791,1.0,2.8015421786485626,0.0,1.0,-0.055555555555555546
sub-077_task-eyesclosed_eeg,0.9872413004733499,1.0,337.63652476188565,0.00786898441062835,0.9976916018136627,0.9632612994923808,5.141631684323931,17.770343408520294,0.06950706236455181,0.98950861015935,0.002434858011495617,0.98950861015935,0.0,0.0,0.22941415738377632,0.000850493539270509,1.0,1.0129884901641124,0.0,1.0,-0.05555555555555552,0.9675799209326864,1.0,330.91233295897877,0.014433603407427716,0.992352393677336,0.9267742500091336,5.141551992946223,17.41643857678835,0.09531517957845892,0.9749701732274977,0.0033645917910470904,0.9749701732274975,0.0,0.0,0.2294126512647279,0.0011892800581698919,1.0,1.0337381756096797,1.1102230246251565e-16,1.0,-0.05555555555555555,0.8603901004392018,1.0,294.25341435020704,0.07318079223062127,0.9764636501550704,0.6105208431981466,5.137960135791408,15.48702180790563,0.6154857467427256,0.8793118911712592,0.02254853431453432,0.8793118911712592,0.0,0.0,0.22924841067633975,0.008760430910675621,1.0,1.1713992985830104,0.0,1.0,-0.05555555555555556,0.692103321320922,1.0,236.69933589175534,0.14881144852994121,0.9528995350975052,0.2363506662140513,5.117316868667352,12.457859783776597,1.5091503017157588,0.7177284310357347,0.057867170612899144,0.7177284310357347,0.0058479532163742695,0.024810764252159567,0.2278701921102515,0.02658485461697131,1.0,1.5219063733601332,0.0,1.0,-0.05555555555555554,0.48201380066571864,1.0,165.14616918756343,0.2269883793600703,0.9378178917366018,0.05785551550510001,5.022244380997214,8.691903641450708,2.0418321867123725,0.4814164795880506,0.08265213927762341,0.48141647958805056,0.05572755417956656,0.16608549082924245,0.22297951941811162,0.053960289727135284,1.0,2.2995051691103567,0.0,1.0,-0.05555555555555553
sub-078_task-eyesclosed_eeg,0.9635179534157199,1.0,329.5231400681762,0.024278128943643847,0.9937059978009094,0.8977738500974793,5.141343600823651,17.34332316148296,0.2655019994834953,0.9694821554197518,0.009371237571410741,0.9694821554197518,0.0,0.0,0.22939122870639292,0.0033530791729030713,1.0,1.0385384510799727,0.0,1.0,-0.05555555555555556,0.9434126689033261,1.0,322.6471327649375,0.029733174692713055,0.9871650997416616,0.8395245914334134,5.141162143421129,16.981428040259868,0.2609663594941896,0.9554202983134048,0.009317911656001479,0.9554202983134048,0.0,0.0,0.22939114764729193,0.0033586200182159965,1.0,1.0610666287369657,0.0,1.0,-0.055555555555555566,0.8224318242402473,1.0,281.2716838901646,0.08127469963774495,0.962770522505063,0.6158635058975385,5.136728331326863,14.803772836324452,0.573844069001351,0.8517184818673149,0.021253024856668922,0.8517184818673149,0.0,0.0,0.22925590086050204,0.008562176592904357,1.0,1.2283129340831522,0.0,1.0,-0.05555555555555554,0.6494646276189399,1.0,222.11690264567744,0.12863801536430328,0.9260714722083715,0.3832815433774592,5.122188315675954,11.690363297140918,1.0843691622951672,0.6939212223612382,0.041096813671466684,0.6939212223612382,0.0,0.0,0.2284679074878851,0.020832527342490845,1.0,1.6015113166468915,0.0,1.0,-0.05555555555555557,0.5369302043972922,1.0,183.70738128075354,0.1915047046861755,0.9242330726920063,0.019312844219903876,5.076291445315679,9.668809541092292,2.113334361830617,0.5636205699202269,0.08223553727003678,0.563620569920227,0.021671826625386997,0.05933927600990603,0.22441440317956052,0.04764194153191149,1.0,2.0942616855526173,0.0,1.0,-0.055555555555555566
sub-079_task-eyesclosed_eeg,0.958500212399628,1.0,327.8070726406728,0.041285131347951254,0.9962069023923544,0.8361470165561625,5.140715156592908,17.253003823193307,0.4814934591944246,0.9617737270955613,0.017114092450391614,0.9617737270955615,0.0,0.0,0.229333271375322,0.006150576205635245,1.0,1.0453705363064587,0.0,1.0,-0.05555555555555558,0.9185438054780143,1.0,314.1419814734809,0.039873047344789476,0.9872876620179855,0.8229333377338237,5.14071756844984,16.53378849860426,0.33682867696188873,0.9298872464937836,0.01198382458138064,0.9298872464937836,0.0,0.0,0.22937178821571932,0.004490180184760175,1.0,1.0907604951746717,0.0,1.0,-0.055555555555555546,0.548857525484513,1.0,187.70927371570346,0.23632242279964116,0.9375110197503328,0.01949166963620352,5.031633969969411,9.879435458721233,1.3166219086992155,0.5398184491230523,0.06689614202587311,0.5398184491230522,0.049535603715170275,0.10929155834244449,0.22716195266159453,0.03207843840245205,1.0,1.985839319926885,0.0,1.0,-0.055555555555555546,0.509084321617452,1.0,174.38007290402754,0.1953464486602467,0.9080664004963136,0.007805684590995297,5.063470249711441,9.177898573896186,1.9798080230952626,0.5387780061835625,0.08158974609940828,0.5387780061835626,0.03439972480220158,0.0945923630108959,0.22438800054463387,0.0477661402978073,1.0,2.217011789932739,0.0,1.0,-0.05555555555555556,0.39357536946681226,1.0,137.29165633022825,0.2454655400415703,0.9306617095141533,0.0014385865861521478,4.941325894819135,7.225876648959383,2.614443211573426,0.3883858474371959,0.10425917783643888,0.3883858474371958,0.07946336429308565,0.19458510761040035,0.21533009656868254,0.07914877421091429,1.0,2.9660197968994373,0.0,1.0,-0.05555555555555557
sub-080_task-eyesclosed_eeg,0.9749591701555324,1.0,333.4360361931921,0.02781007417213319,0.9975761817878717,0.8788574625764187,5.141249525895368,17.549265062799584,0.34101805971540994,0.9771742183397762,0.012050672556730166,0.9771742183397762,0.0,0.0,0.22937638453819362,0.004248901452745437,1.0,1.0265647452578814,0.0,1.0,-0.05555555555555555,0.9053406920089672,1.0,309.62651666706677,0.05135933710277692,0.9860440950268825,0.75688477929893,5.140034542139276,16.29613245616141,0.3905943546022637,0.9172845769512143,0.014053923333624405,0.9172845769512146,0.0,0.0,0.22935489084509908,0.005283274817865839,1.0,1.108259983236742,0.0,1.0,-0.05555555555555555,0.33919788121742656,1.0,172.5895646972347,0.28295764247861954,0.9723261707131552,0.010427021638419208,4.9652854682336205,9.083661299854455,1.0163353849151209,0.4504715688638847,0.04543449227999829,0.4504715688638847,0.07361541107671138,0.09274410786641274,0.2271382346911017,0.032245949959311695,1.0,2.219696170192265,0.0,1.0,-0.05555555555555555,0.5167255386746565,1.0,176.72013422673254,0.20728183456139807,0.9155857784842083,0.13444959346107752,5.058496953887545,9.301059696143817,0.9101158586896626,0.5330345770409758,0.03770333575691198,0.5330345770409758,0.025799793601651185,0.029266059931411355,0.22812021978536207,0.024346340021583254,1.0,2.141298588375318,0.0,1.0,-0.05555555555555556,0.5201898707399605,1.0,178.82664492217845,0.2380615350495989,0.9333628326317376,0.005681358531300549,5.017671873622238,9.411928680114656,2.3254266187488946,0.5205821007743927,0.10232131002969973,0.5205821007743926,0.0760233918128655,0.1613174718655944,0.22233871665317015,0.056542674365383,1.0,2.131750638972391,1.1102230246251565e-16,1.0,-0.05555555555555558
sub-081_task-eyesclosed_eeg,0.9851915861603265,1.0,336.9355224668317,0.012057410311704495,0.9981231728272778,0.9407185048832435,5.141588050976396,17.73344855088588,0.1393028081163524,0.987013100372578,0.004891790842392456,0.987013100372578,0.0,0.0,0.22940934902477367,0.0017115862227833024,1.0,1.0151867409947093,1.1102230246251565e-16,1.0,-0.05555555555555557,0.9170690059692393,1.0,313.63760004147986,0.040558976667923644,0.9915399131359456,0.8276582788551594,5.140684476736979,16.50724210744631,0.21485912868966175,0.9243115761790796,0.007631625862552769,0.9243115761790796,0.0,0.0,0.2293983476706012,0.0028243642410991426,1.0,1.0925744627548493,0.0,1.0,-0.05555555555555554,0.7894132668868377,1.0,269.97933727529846,0.1138309275206914,0.9843031698121296,0.5167399462916146,5.131060170128663,14.209438803963074,0.6342869784047428,0.7965791230747117,0.02374551450595598,0.7965791230747117,0.0,0.0,0.2291842596532883,0.01030310994518437,1.0,1.2954114925039035,0.0,1.0,-0.05555555555555554,0.8689284916809521,1.0,297.17354415488563,0.05539314269649895,0.9772731523020648,0.7693642315506115,5.139636622555812,15.640712850257138,0.2705885239015962,0.8879646467248619,0.009732302144921599,0.8879646467248619,0.0,0.0,0.22938495897633246,0.0037575980086628643,1.0,1.1555029602463398,0.0,1.0,-0.05555555555555558,0.8502428306058435,1.0,290.7830480671985,0.07256608281641147,0.9638712196735943,0.6295838180151416,5.137948834641459,15.304370950905177,0.582426775474873,0.8802503390344999,0.02161115266007175,0.8802503390344999,0.0,0.0,0.22926657605472156,0.0082713996102826,1.0,1.1853267034707633,1.1102230246251565e-16,1.0,-0.05555555555555556
sub-082_task-eyesclosed_eeg,0.9799007222656116,1.0,335.1260470148392,0.015776553427851232,0.9962216821411275,0.9234353412479808,5.141532820986347,17.638213000781008,0.18756547998181303,0.9835658544585179,0.006600573306648773,0.9835658544585179,0.0,0.0,0.22940402470016,0.002317843553134154,1.0,1.0207830472743804,0.0,1.0,-0.055555555555555546,0.9237473975853973,1.0,315.92160997420586,0.03583016861717592,0.9840778527127932,0.8108208524115004,5.140904862722687,16.627453156537154,0.23732409709791955,0.9382582755853804,0.00854223020827519,0.9382582755853804,0.0,0.0,0.2293945675671688,0.003116298772589572,1.0,1.0842214691527134,1.1102230246251565e-16,1.0,-0.055555555555555546,0.6021485646441137,1.0,205.93480910828688,0.21189403696951767,0.9604468907614323,0.139459902548021,5.074377277206517,10.838674163594046,0.9705832115200951,0.5983180828991698,0.04313826720724808,0.5983180828991698,0.019951840385276916,0.039811644332106794,0.22823879290036897,0.023208454553263525,1.0,1.820793433714171,0.0,1.0,-0.055555555555555566,0.7013165448326526,1.0,239.8502583327672,0.10384651136102221,0.9252953627571416,0.4280841290265088,5.130690918259816,12.62369780698775,0.6802014525692488,0.7529100214336993,0.026222763858279954,0.7529100214336992,0.0,0.0,0.2291141897361323,0.011758699287080603,1.0,1.4582532505565167,1.1102230246251565e-16,1.0,-0.055555555555555566,0.6301391217783967,1.0,215.91941693385292,0.1927540078189697,0.9517274231738376,0.012564871583351076,5.086615272167434,11.364179838623837,2.2105234046651487,0.645517804608194,0.09169838699828957,0.6455178046081939,0.048503611971104234,0.1877285992418655,0.22545832809163527,0.042427835691830416,1.0,1.7188004498998972,0.0,1.0,-0.05555555555555555
sub-083_task-eyesclosed_eeg,0.9837918886546497,1.0,336.4568259198902,0.011815913393159828,0.9989408542978911,0.9340655310942316,5.141591150434299,17.708253995783696,0.13577369284925989,0.9848050975652968,0.004749248650705604,0.9848050975652968,0.0,0.0,0.2294096607667612,0.001669279559565532,1.0,1.0166234127789806,0.0,1.0,-0.05555555555555558,0.9725989200613111,1.0,332.6288306609684,0.016283114464391447,0.9970648974351232,0.911006179573848,5.141522794698081,17.5067805611036,0.1662602130264691,0.9753961949288941,0.005836103751460973,0.9753961949288941,0.0,0.0,0.2294063791714483,0.0020717487333437364,1.0,1.0284650785984617,0.0,1.0,-0.055555555555555566,0.8960457558211149,1.0,306.4476484908213,0.050421182598830994,0.9861819971556705,0.7677903818948492,5.140073154780554,16.128823604780067,0.38804136926666166,0.9077675692464243,0.013842974396940407,0.9077675692464245,0.0,0.0,0.22935510998488892,0.005273753045784541,1.0,1.1196093711217814,0.0,1.0,-0.05555555555555553,0.7860831639777318,1.0,268.84044208038426,0.0996872166902435,0.9752058611369488,0.5274946636487844,5.133516143567101,14.149496951599168,0.9202968171182129,0.8026312735692468,0.03334418083633118,0.8026312735692469,0.0,0.0,0.22896893167913746,0.014311089164801616,1.0,1.2939227173876175,0.0,1.0,-0.05555555555555557,0.5739006481703199,1.0,196.2740216742494,0.18230228683231028,0.9661597787045548,0.20007000312677364,5.090760373623661,10.33021166706576,1.672826114833918,0.578110868989306,0.06101284949394348,0.5781108689893061,0.01169590643274854,0.021477112182714784,0.22656460518484087,0.03605632572525397,1.0,1.9057139695371716,0.0,1.0,-0.055555555555555546
sub-084_task-eyesclosed_eeg,0.951731917546269,1.0,325.492315800824,0.023859845426594133,0.9938921136313088,0.8803736115069346,5.1413477724604615,17.13117451583284,0.21965014440334613,0.9574229906799158,0.007741848641252841,0.9574229906799155,0.0,0.0,0.2293987725074174,0.002789645041683251,1.0,1.0513865783434821,1.1102230246251565e-16,1.0,-0.05555555555555555,0.7733697914834718,1.0,264.49246868734735,0.11557113128578403,0.9701111397498328,0.4857582564821746,5.130201183463868,13.920656246702492,0.7355657608948275,0.7915401869916964,0.02785440158471962,0.7915401869916963,0.0,0.0,0.22912094318681453,0.011626364029778975,1.0,1.3252278415245533,0.0,1.0,-0.05555555555555554,0.7618114945099387,1.0,260.539531122399,0.10978420755027862,0.9608555406937059,0.5042366035540727,5.131194858662658,13.712606901178898,0.47012470159458725,0.787346466402958,0.017840443285977524,0.787346466402958,0.0,0.0,0.22927934050059176,0.007909675529510702,1.0,1.3412760997180815,0.0,1.0,-0.05555555555555556,0.6726574958122206,1.0,230.04886356777945,0.12505542464712638,0.9467641569044346,0.3932075430476287,5.1243331213036765,12.10783492461997,0.8655019664901299,0.7031486622595325,0.032402857285215275,0.7031486622595327,0.0006879944960440316,0.002918913441430537,0.22889181673128325,0.015495650383932127,1.0,1.5407836138473106,0.0,1.0,-0.05555555555555556,0.5899658444046662,1.0,201.7683187863958,0.19973823691889572,0.9422687983231312,0.10716265324718288,5.078044216076959,10.61938519928399,2.0957971078549598,0.6065103438349988,0.08459533970451188,0.6065103438349988,0.03439972480220158,0.1298187459514712,0.225230450797567,0.04362135922794215,1.0,1.8598988775546594,0.0,1.0,-0.05555555555555555
sub-085_task-eyesclosed_eeg,0.9459602385991737,1.0,323.5184016009174,0.03915368084353326,0.996015333961532,0.8273459777277402,5.140798270422429,17.027284294785122,0.45093264093340296,0.9494011156272084,0.015900610051999536,0.9494011156272086,0.0,0.0,0.2293422106562989,0.005807698223067261,1.0,1.058996934015248,1.1102230246251565e-16,1.0,-0.055555555555555546,0.8182404771989452,1.0,279.8382432020393,0.09213364126946284,0.9707480145488718,0.631192180605583,5.135238328512269,14.728328589581015,0.6025039151479776,0.8395820721495346,0.022223506554606465,0.8395820721495345,0.0,0.0,0.2292393452619191,0.008994527850591686,1.0,1.2384967384711898,0.0,1.0,-0.05555555555555555,0.8046794471300938,1.0,275.20037091849207,0.10306130749464064,0.9712826633213345,0.5311263832587949,5.1332497727199105,14.484230048341688,1.093620467455851,0.8252735086101228,0.040225584888979045,0.8252735086101228,0.0,0.0,0.22880621225576378,0.016712156669286944,1.0,1.26525097876896,0.0,1.0,-0.05555555555555555,0.5859753363795412,1.0,202.262304106396,0.21742787300747718,0.9728436995506512,0.059172231821841614,5.065952940163275,10.645384426652422,2.378784031717921,0.5855089779120689,0.09279055021875932,0.5855089779120688,0.042655658754729965,0.14940969139408997,0.22404403305036338,0.04935433316230801,1.0,1.8672527649779413,0.0,1.0,-0.05555555555555555,0.5110771100244128,1.0,182.97075357806716,0.25850143711810475,0.9802036585740227,0.01310892500827983,5.0051008079902335,9.630039662003535,2.78071489089666,0.5076363744832382,0.11174990033171578,0.5076363744832381,0.05503955968352253,0.14228684281399342,0.21951782107283327,0.0666596218021372,1.0,2.149956081209148,0.0,1.0,-0.05555555555555557
sub-086_task-eyesclosed_eeg,0.5671765700966067,1.0,193.9743869730395,0.1902044551577587,0.9581969085330532,0.0025209052750711286,5.077469859544971,10.209178261738922,1.5308014301943584,0.5667806781521746,0.06611596794369198,0.5667806781521746,0.05641554867561059,0.1527262554296465,0.22717839837972592,0.03196176241997536,1.0,1.8953393669379568,0.0,1.0,-0.05555555555555553,0.7399724532764727,1.0,253.07057902055365,0.08838587212504126,0.9398186681201347,0.5059362025640588,5.134476550522231,13.319504158976509,0.6953482262466145,0.7841375778294583,0.02628837317456727,0.784137577829458,0.0,0.0,0.2291340986114277,0.01136414540988267,1.0,1.3714918963496658,0.0,1.0,-0.055555555555555546,0.5095305039147079,1.0,174.2594323388301,0.16884849405140703,0.9116130414590656,0.20814059143614605,5.086703600562521,9.171549070464742,0.7286119953568447,0.538793614467828,0.02985318688251181,0.5387936144678281,0.016167870657034743,0.028948957550697277,0.22870310743990385,0.018068414282947587,1.0,2.157709134761699,-1.1102230246251565e-16,1.0,-0.055555555555555546,0.4915833669363396,1.0,177.3334064692695,0.22284761653659282,0.9310798226155133,0.018260436315247555,5.02761970095911,9.333337182593135,2.1947996248096824,0.5183956601075774,0.09749098680617925,0.5183956601075774,0.07051943584451326,0.1527022343744502,0.22249301276276975,0.05593244335012016,1.0,2.110053329406454,0.0,1.0,-0.055555555555555546,0.4275702870068908,1.0,172.92319906203744,0.2326912848539902,0.9305429745818754,0.004647430219995696,5.011476965286532,9.10122100326513,2.260097829711918,0.4989471618129985,0.10033479259144908,0.4989471618129985,0.08152734778121776,0.18587569085125044,0.22235906912396108,0.056462583413212114,1.0,2.220489222747607,1.1102230246251565e-16,1.0,-0.05555555555555553
sub-087_task-eyesclosed_eeg,0.9678605600673079,1.0,331.0083115430193,0.017715441402256886,0.9977163709925123,0.9172224262924144,5.14149551024682,17.421490081211545,0.14843906350221817,0.9699856850929395,0.005205250741869387,0.9699856850929395,0.0,0.0,0.22940822837247205,0.0018557215233290494,1.0,1.0335561942371339,0.0,1.0,-0.055555555555555566,0.8574328146392223,1.0,293.242022606614,0.07562287455847812,0.9935866520156397,0.6822565226318692,5.137725808729459,15.433790663506,0.4350796875690605,0.8608144743002147,0.015699621144657457,0.8608144743002145,0.0,0.0,0.22933380668876682,0.006130583741192483,1.0,1.175772256545856,0.0,1.0,-0.05555555555555555,0.6518914633041675,1.0,222.94688045002528,0.20327999237441197,0.9826140061077288,0.140958872649557,5.087521977958801,11.734046339475013,1.4489846342746149,0.6411683507541263,0.05982880028336583,0.6411683507541264,0.025111799105607156,0.09163249899039469,0.22745255491388422,0.029948526015730795,1.0,1.6759343687940527,1.1102230246251565e-16,1.0,-0.05555555555555554,0.618205806474143,1.0,211.42638581415693,0.1549716471923241,0.9794091113813571,0.316143772603191,5.110379188534191,11.127704516534576,0.8080138532427802,0.6186780817260535,0.029576925568655568,0.6186780817260535,0.009287925696594429,0.032251461942440246,0.22879947067066558,0.016804200909049452,1.0,1.7256034378347336,3.3306690738754696e-16,1.0,-0.05555555555555556,0.6123401522338952,1.0,209.42033206399213,0.16185710361252392,0.9713093188423725,0.2681449089156917,5.106139380782428,11.022122740210113,1.3895004584745265,0.6183517556844181,0.05135199953231288,0.6183517556844182,0.0068799449604403165,0.024681652720539522,0.2277377267750432,0.02769669205345971,1.0,1.754483815565145,-1.1102230246251565e-16,1.0,-0.05555555555555556
sub-088_task-eyesclosed_eeg,0.9785270957162074,1.0,334.65626673494296,0.012392756327050239,0.9989156583231475,0.9517225799206702,5.141583203818982,17.613487722891737,0.12078845095456656,0.9795500724616247,0.004224559837091677,0.9795500724616247,0.0,0.0,0.22941086559476867,0.0014945549261936905,1.0,1.0221088966932348,0.0,1.0,-0.05555555555555557,0.8296529724274264,1.0,283.74131657017983,0.0957964858196032,0.9913773519430883,0.617325756312381,5.13487930217093,14.933753503693673,0.3766993552755193,0.8330625998954913,0.0143070657958138,0.8330625998954913,0.0,0.0,0.22935084516726842,0.005456076285034023,1.0,1.222500657441868,0.0,1.0,-0.05555555555555558,0.4673111724481732,1.0,160.73750342307176,0.3190955732609032,0.9815103924583645,0.001850215012745764,4.864566533639154,8.459868601214303,1.1292628006711356,0.37845715845734135,0.06065464105764945,0.37845715845734135,0.12315101479188167,0.17642934397937657,0.22227227489250975,0.05680329886086736,1.0,2.300780724522113,1.1102230246251565e-16,1.0,-0.05555555555555556,0.5274008983397357,1.0,180.37110723218962,0.22063184618657145,0.9800650924782589,0.12768677932151856,5.052735577362741,9.493216170115245,0.8702783474590968,0.5062933714225292,0.03291001829690626,0.5062933714225292,0.02407980736154111,0.042730495732660224,0.22818778564390815,0.023704713250706836,1.0,2.158788869925119,0.0,1.0,-0.055555555555555546,0.5579636500323569,1.0,190.82356831106608,0.18269368147302725,0.9802416748328803,0.2142185517093287,5.0886295768985175,10.043345700582426,1.4186411653971907,0.5526172685817459,0.051563287130931744,0.5526172685817459,0.018575851393188854,0.05839245626721484,0.22730476135101463,0.031050352888923965,1.0,1.9911775885682785,0.0,1.0,-0.055555555555555566
